"id","appno","tmappliedfor","created_at","updated_at"
"1","2874355","New noushad Bakes","2016-05-10 12:57:56","2016-05-10 12:57:56"
"2","2874356","La Breanda The Boutique","2016-05-10 12:57:56","2016-05-10 12:57:56"
"3","2874363","Chantham","2016-05-10 12:57:56","2016-05-10 12:57:56"
"4","2875422","ZEENATH'S Leatherplanet","2016-05-10 12:57:57","2016-05-10 12:57:57"
"5","2875430","KELEBUY","2016-05-10 12:57:57","2016-05-10 12:57:57"
"8","2877174","SREEKUMAR ENTERPRISES WE TRUST IN TRADITION","2016-05-10 12:57:57","2016-05-10 12:57:57"
"9","2877563","aielowu","2016-05-10 12:57:57","2016-05-10 12:57:57"
"10","2877712","Lulookkas","2016-05-10 12:57:57","2016-05-10 12:57:57"
"11","2877713","SWIS","2016-05-10 12:57:57","2016-05-10 12:57:57"
"12","2877717","bfit (DEVICE)","2016-05-10 12:57:58","2016-05-10 12:57:58"
"13","2877797","MALLELIL POLYMERS PVT.LTD","2016-05-10 12:57:58","2016-05-10 12:57:58"
"14","2877801","P.J.ELECTRONICS PJE","2016-05-10 12:57:58","2016-05-10 12:57:58"
"15","2878620","BULLS.NET","2016-05-10 12:57:58","2016-05-10 12:57:58"
"16","2879071","MOTHER MART","2016-05-10 12:57:58","2016-05-10 12:57:58"
"17","2879117","VISWAS COMMUNITY FAIR PRICE MEDICAL SERVICES","2016-05-10 12:57:58","2016-05-10 12:57:58"
"18","2879274","SMILODON","2016-05-10 12:57:58","2016-05-10 12:57:58"
"19","2880977","TOP FLOOR","2016-05-10 12:57:58","2016-05-10 12:57:58"
"20","2881160","TE TUBE EnGInEERInG","2016-05-10 12:57:58","2016-05-10 12:57:58"
"21","2881431","Ajalco","2016-05-10 12:57:58","2016-05-10 12:57:58"
"22","2881433","HAJARAS","2016-05-10 12:57:58","2016-05-10 12:57:58"
"23","2881437","ALLIED","2016-05-10 12:57:58","2016-05-10 12:57:58"
"24","2881443","Matha","2016-05-10 12:57:58","2016-05-10 12:57:58"
"25","2881444","Indian by lable","2016-05-10 12:57:58","2016-05-10 12:57:58"
"26","2881529","Manha Floss","2016-05-10 12:57:58","2016-05-10 12:57:58"
"27","2881530","ROSS PETALS","2016-05-10 12:57:58","2016-05-10 12:57:58"
"28","2882125","BRILLIANCE","2016-05-10 12:57:58","2016-05-10 12:57:58"
"29","2883280","ProjectsPocket  Exclusively For Academic Projects","2016-05-10 12:57:58","2016-05-10 12:57:58"
"30","2883516","MALLELIL INDUSTRIES PVT LTD","2016-05-10 12:57:59","2016-05-10 12:57:59"
"31","2883521","imust DIGITAL PRINTERS","2016-05-10 12:57:59","2016-05-10 12:57:59"
"32","2883524","BIZME BUSInESS MEnTORS","2016-05-10 12:57:59","2016-05-10 12:57:59"
"33","2884042","RAYS THE SKY IS THE LIMIT","2016-05-10 12:57:59","2016-05-10 12:57:59"
"34","2884043","ROLE MEDICARE","2016-05-10 12:57:59","2016-05-10 12:57:59"
"35","2884240","BULLDOZ","2016-05-10 12:57:59","2016-05-10 12:57:59"
"36","2884251","JACKHAMMER","2016-05-10 12:57:59","2016-05-10 12:57:59"
"37","2884591","autotree","2016-05-10 12:57:59","2016-05-10 12:57:59"
"38","2884599","Grand Bake House","2016-05-10 12:57:59","2016-05-10 12:57:59"
"39","2884600","NEW BRIGHT","2016-05-10 12:57:59","2016-05-10 12:57:59"
"40","2884865","IE INTERIOR ENERGY","2016-05-10 12:57:59","2016-05-10 12:57:59"
"41","2887252","MAZAANI THE TASTE YOU CAN NEVER DENY","2016-05-10 12:57:59","2016-05-10 12:57:59"
"42","2887325","ZENZON","2016-05-10 12:57:59","2016-05-10 12:57:59"
"43","2887332","KVK ASSOCIATES","2016-05-10 12:57:59","2016-05-10 12:57:59"
"44","2887335","trendco","2016-05-10 12:57:59","2016-05-10 12:57:59"
"45","2887837","BILQEES","2016-05-10 12:57:59","2016-05-10 12:57:59"
"46","2887851","hellobrand creating brand solution","2016-05-10 12:57:59","2016-05-10 12:57:59"
"47","2887853","TRAYON MORE THAN JUST FURNITURE","2016-05-10 12:58:00","2016-05-10 12:58:00"
"48","2887854","gooseberrywoods","2016-05-10 12:58:00","2016-05-10 12:58:00"
"49","2887857","DEVICE","2016-05-10 12:58:00","2016-05-10 12:58:00"
"50","2887858","SJankii","2016-05-10 12:58:00","2016-05-10 12:58:00"
"51","2887894","KARUNYA OPTICALS DEVICE OF KO","2016-05-10 12:58:00","2016-05-10 12:58:00"
"52","2888317","worldmall","2016-05-10 12:58:00","2016-05-10 12:58:00"
"53","2888924","THENGA STORE","2016-05-10 12:58:00","2016-05-10 12:58:00"
"54","2888983","HINDUSTAN Spices &amp","2016-05-10 12:58:00","2016-05-10 12:58:00"
"55","2889362","MY3RDEYE","2016-05-10 12:58:00","2016-05-10 12:58:00"
"56","2889935","AMLOZ","2016-05-10 12:58:00","2016-05-10 12:58:00"
"57","2890560","ALAIN GOLD SOUK","2016-05-10 12:58:00","2016-05-10 12:58:00"
"58","2890806","escon","2016-05-10 12:58:00","2016-05-10 12:58:00"
"59","2890807","impresa","2016-05-10 12:58:00","2016-05-10 12:58:00"
"60","2890816","AYYADAN","2016-05-10 12:58:00","2016-05-10 12:58:00"
"61","2890818","SAFESHIELD INDIA","2016-05-10 12:58:01","2016-05-10 12:58:01"
"62","2890820","NECHUPADAM","2016-05-10 12:58:01","2016-05-10 12:58:01"
"63","2891622","Hotel supplymart.com","2016-05-10 12:58:01","2016-05-10 12:58:01"
"64","2891865","JAZP","2016-05-10 12:58:01","2016-05-10 12:58:01"
"65","2892036","SG SG Electronica","2016-05-10 12:58:01","2016-05-10 12:58:01"
"66","2892065","BEST BUY SUPER MARKET","2016-05-10 12:58:01","2016-05-10 12:58:01"
"67","2893645","ILLUMINE","2016-05-10 12:58:01","2016-05-10 12:58:01"
"68","2893652","iwex","2016-05-10 12:58:01","2016-05-10 12:58:01"
"69","2893653","VICTORIA CURIOS &amp","2016-05-10 12:58:01","2016-05-10 12:58:01"
"70","2893659","Koshy's Supermarket ksm (WITH LOGO)","2016-05-10 12:58:01","2016-05-10 12:58:01"
"71","2894658","Mars HYPERMARKET  i m","2016-05-10 12:58:01","2016-05-10 12:58:01"
"72","2894660","Soorya ads OOH MEDIA (WITH DEVICE)","2016-05-10 12:58:01","2016-05-10 12:58:01"
"73","2894670","afters COFFEE SANDWICHES PASTRY","2016-05-10 12:58:01","2016-05-10 12:58:01"
"74","2895099","FALCON","2016-05-10 12:58:01","2016-05-10 12:58:01"
"75","2895792","ALTERMEDIA","2016-05-10 12:58:01","2016-05-10 12:58:01"
"76","2895794","Nilanjali","2016-05-10 12:58:01","2016-05-10 12:58:01"
"77","2896034","Yara Hyper","2016-05-10 12:58:01","2016-05-10 12:58:01"
"78","2896281","SPICER","2016-05-10 12:58:01","2016-05-10 12:58:01"
"79","2896291","TGFC","2016-05-10 12:58:01","2016-05-10 12:58:01"
"80","2896292","salutem YOUR SECURITY OUR DUTY","2016-05-10 12:58:01","2016-05-10 12:58:01"
"81","2896582","KAINIKKARA","2016-05-10 12:58:01","2016-05-10 12:58:01"
"82","2896584","MENTOR GROUP","2016-05-10 12:58:01","2016-05-10 12:58:01"
"83","2896596","# PEPPER","2016-05-10 12:58:02","2016-05-10 12:58:02"
"84","2897142","NASEEMA WEDDING CENTRE","2016-05-10 12:58:02","2016-05-10 12:58:02"
"85","2897143","NASEEMA GOLD AND DIAMONDS","2016-05-10 12:58:02","2016-05-10 12:58:02"
"86","2898773","Eastern","2016-05-10 12:58:02","2016-05-10 12:58:02"
"87","2899296","WHITEMALL","2016-05-10 12:58:02","2016-05-10 12:58:02"
"88","2899300","NUDHAR N","2016-05-10 12:58:02","2016-05-10 12:58:02"
"89","2899303","BEST ENGINEERING CO.","2016-05-10 12:58:02","2016-05-10 12:58:02"
"90","2899304","Shopmgd","2016-05-10 12:58:02","2016-05-10 12:58:02"
"91","2899431","CHARTERED CORPORATE SOLUTIONS Smooth Corporate Sailing","2016-05-10 12:58:02","2016-05-10 12:58:02"
"92","2899449","SHS [SHEET HOUSE STEELS]","2016-05-10 12:58:02","2016-05-10 12:58:02"
"93","2899451","Lamiya","2016-05-10 12:58:02","2016-05-10 12:58:02"
"94","2899461","MODULARBUILD BUILDING FUTURE","2016-05-10 12:58:02","2016-05-10 12:58:02"
"95","2899463","KUNNATH STEELS","2016-05-10 12:58:02","2016-05-10 12:58:02"
"96","2899473","ROYAL Metalloids","2016-05-10 12:58:02","2016-05-10 12:58:02"
"97","2899499","My Service Kart The online service market place","2016-05-10 12:58:02","2016-05-10 12:58:02"
"98","2899502","FOOTNOTE","2016-05-10 12:58:02","2016-05-10 12:58:02"
"99","2899507","ELTE MARINE","2016-05-10 12:58:03","2016-05-10 12:58:03"
"100","2899508","STR THAKKOLKARAN","2016-05-10 12:58:03","2016-05-10 12:58:03"
"101","2899929","IHSAN PERFUMES","2016-05-10 12:58:03","2016-05-10 12:58:03"
"102","2900122","CROWN CASHEW IMPEX PVT LTD","2016-05-10 12:58:03","2016-05-10 12:58:03"
"103","2900125","Pigeon IMITATION JEWELLERY","2016-05-10 12:58:03","2016-05-10 12:58:03"
"104","2900128","PRABHA ELECTRICALS","2016-05-10 12:58:03","2016-05-10 12:58:03"
"105","2900129","NEOLINE info solutions","2016-05-10 12:58:03","2016-05-10 12:58:03"
"106","2900132","Times Biotech","2016-05-10 12:58:03","2016-05-10 12:58:03"
"107","2900133","Nice Biologicals","2016-05-10 12:58:03","2016-05-10 12:58:03"
"108","2900532","Pinklin","2016-05-10 12:58:03","2016-05-10 12:58:03"
"109","2900533","VALLI TEXTILES","2016-05-10 12:58:03","2016-05-10 12:58:03"
"110","2900541","KPM","2016-05-10 12:58:03","2016-05-10 12:58:03"
"111","2900722","ALL FRESH","2016-05-10 12:58:03","2016-05-10 12:58:03"
"112","2901002","Eros","2016-05-10 12:58:03","2016-05-10 12:58:03"
"113","2901004","KEERTHY ROOFING TILES","2016-05-10 12:58:03","2016-05-10 12:58:03"
"114","2902409","Halberd","2016-05-10 12:58:03","2016-05-10 12:58:03"
"115","2903042","seekrets","2016-05-10 12:58:03","2016-05-10 12:58:03"
"116","2903388","W W way tuner","2016-05-10 12:58:03","2016-05-10 12:58:03"
"117","2903803","TRUETEK","2016-05-10 12:58:04","2016-05-10 12:58:04"
"118","2904658","ad purple","2016-05-10 12:58:04","2016-05-10 12:58:04"
"119","2904659","CAR CLUB","2016-05-10 12:58:04","2016-05-10 12:58:04"
"120","2905048","Wonder Board","2016-05-10 12:58:04","2016-05-10 12:58:04"
"121","2906627","PELEE","2016-05-10 12:58:04","2016-05-10 12:58:04"
"122","2907084","NAKSHATHRA Jewellers","2016-05-10 12:58:04","2016-05-10 12:58:04"
"123","2907205","yera WEDDING COMPANY","2016-05-10 12:58:04","2016-05-10 12:58:04"
"124","2907208","moonstone GROUP OF COMPANIES","2016-05-10 12:58:04","2016-05-10 12:58:04"
"125","2907666","Aiswarya Tiles & Granites","2016-05-10 12:58:04","2016-05-10 12:58:04"
"126","2907669","zavanna.in","2016-05-10 12:58:04","2016-05-10 12:58:04"
"127","2907673","MAHARAJA","2016-05-10 12:58:04","2016-05-10 12:58:04"
"128","2907762","Livein PRO BEAUTY TOOLS","2016-05-10 12:58:04","2016-05-10 12:58:04"
"129","2907908","amset ESTD 1982 (WITH LOGO)","2016-05-10 12:58:04","2016-05-10 12:58:04"
"130","2908698","LEE-VEE 4 MENS &amp","2016-05-10 12:58:04","2016-05-10 12:58:04"
"131","2908835","indus","2016-05-10 12:58:04","2016-05-10 12:58:04"
"132","2908870","B BOMBAY BAZAR","2016-05-10 12:58:04","2016-05-10 12:58:04"
"133","2909618","AI Baze","2016-05-10 12:58:04","2016-05-10 12:58:04"
"134","2909826","MERMER ITALIA","2016-05-10 12:58:04","2016-05-10 12:58:04"
"135","2910727","EZPANIOW","2016-05-10 12:58:04","2016-05-10 12:58:04"
"136","2910974","SUAN FABRIC COMPANY","2016-05-10 12:58:04","2016-05-10 12:58:04"
"137","2911965","Dheema GOLD","2016-05-10 12:58:05","2016-05-10 12:58:05"
"138","2912335","DEFENDER","2016-05-10 12:58:05","2016-05-10 12:58:05"
"139","2912724","FIREGUARD (WITH LOGO)","2016-05-10 12:58:05","2016-05-10 12:58:05"
"140","2912754","INVOGUE","2016-05-10 12:58:05","2016-05-10 12:58:05"
"141","2912816","NUCLEAR SURGICALS","2016-05-10 12:58:05","2016-05-10 12:58:05"
"142","2912824","SELLFONE STORE","2016-05-10 12:58:05","2016-05-10 12:58:05"
"143","2914137","Kab Ooliwala.com The Omnichannel Retail Partner","2016-05-10 12:58:05","2016-05-10 12:58:05"
"144","2914156","SOORYAPRABHA","2016-05-10 12:58:05","2016-05-10 12:58:05"
"145","2914159","exotic WORLD","2016-05-10 12:58:05","2016-05-10 12:58:05"
"146","2914161","FLOORMATE","2016-05-10 12:58:05","2016-05-10 12:58:05"
"147","2914168","ESSENTIAL","2016-05-10 12:58:05","2016-05-10 12:58:05"
"148","2914454","BURGOYNE LABEL","2016-05-10 12:58:05","2016-05-10 12:58:05"
"149","2914461","BURGOYNE BIRD DEVICE","2016-05-10 12:58:05","2016-05-10 12:58:05"
"150","2914492","DevaN's","2016-05-10 12:58:05","2016-05-10 12:58:05"
"151","2914835","CROWN CASHEW IMPEX","2016-05-10 12:58:05","2016-05-10 12:58:05"
"152","2914839","dbF","2016-05-10 12:58:05","2016-05-10 12:58:05"
"153","2915050","Daris COLLECTIONS","2016-05-10 12:58:05","2016-05-10 12:58:05"
"154","2915051","Daris Couture","2016-05-10 12:58:05","2016-05-10 12:58:05"
"155","2915669","Techberry DISTRIBUTORS","2016-05-10 12:58:05","2016-05-10 12:58:05"
"156","2916107","SHEHINAS PANIKKASSERI JEWELLERS","2016-05-10 12:58:05","2016-05-10 12:58:05"
"157","2916272","JAYAFASHION","2016-05-10 12:58:05","2016-05-10 12:58:05"
"158","2916277","e ernad JEWELLERS","2016-05-10 12:58:05","2016-05-10 12:58:05"
"159","2917117","OFFERKIT","2016-05-10 12:58:05","2016-05-10 12:58:05"
"160","2917698","Niraamaya","2016-05-10 12:58:06","2016-05-10 12:58:06"
"161","2918202","Y.2.K. OIL &amp","2016-05-10 12:58:06","2016-05-10 12:58:06"
"162","2918242","e DISTRICT","2016-05-10 12:58:06","2016-05-10 12:58:06"
"163","2918243","KERALA STATE IT MISSION","2016-05-10 12:58:06","2016-05-10 12:58:06"
"164","2920084","Black Ant Manufacture & Distributor","2016-05-10 12:58:06","2016-05-10 12:58:06"
"165","2920122","Aster","2016-05-10 12:58:06","2016-05-10 12:58:06"
"166","2920584","Guruvaram Transparency in Quality","2016-05-10 12:58:06","2016-05-10 12:58:06"
"167","2920676","Ente Kada","2016-05-10 12:58:06","2016-05-10 12:58:06"
"168","2920788","ADISESHA","2016-05-10 12:58:06","2016-05-10 12:58:06"
"169","2920886","F FORCURE PHARMACEUTICALS","2016-05-10 12:58:06","2016-05-10 12:58:06"
"170","2920893","CB GROUP OF COMPANIES","2016-05-10 12:58:06","2016-05-10 12:58:06"
"171","2920948","FOOT MART WORLD UNDER YOUR FEET","2016-05-10 12:58:06","2016-05-10 12:58:06"
"172","2921470","Devaayanam","2016-05-10 12:58:06","2016-05-10 12:58:06"
"173","2922209","Ajay & co JEWELLERY MANUFACTURERS","2016-05-10 12:58:06","2016-05-10 12:58:06"
"174","2922360","JaiRose","2016-05-10 12:58:06","2016-05-10 12:58:06"
"175","2922361","'KANNAKANDY E-STORE'","2016-05-10 12:58:06","2016-05-10 12:58:06"
"176","2922972","HOMEMATE","2016-05-10 12:58:06","2016-05-10 12:58:06"
"177","2923101","Marine Cartel","2016-05-10 12:58:06","2016-05-10 12:58:06"
"178","2923147","AmV AmRuThAm VEnTuRES","2016-05-10 12:58:06","2016-05-10 12:58:06"
"179","2923304","PROMINENT INDUSTRIES","2016-05-10 12:58:06","2016-05-10 12:58:06"
"180","2923307","NAMMADE ALIYANTE KADA","2016-05-10 12:58:06","2016-05-10 12:58:06"
"181","2923347","JALALIYA","2016-05-10 12:58:06","2016-05-10 12:58:06"
"182","2923747","GIFTERMAN","2016-05-10 12:58:07","2016-05-10 12:58:07"
"183","2925164","CARE ENGINEERS","2016-05-10 12:58:07","2016-05-10 12:58:07"
"184","2925563","MRN ASSOCIATES","2016-05-10 12:58:07","2016-05-10 12:58:07"
"185","2926070","Arine printing solutions","2016-05-10 12:58:07","2016-05-10 12:58:07"
"186","2927542","admyland","2016-05-10 12:58:07","2016-05-10 12:58:07"
"187","2927916","KIDOOS THE SPECIAL KIDSTORE","2016-05-10 12:58:07","2016-05-10 12:58:07"
"188","2927918","BUNNYBABY","2016-05-10 12:58:07","2016-05-10 12:58:07"
"189","2927923","CLARUS","2016-05-10 12:58:07","2016-05-10 12:58:07"
"190","2927924","RAHA","2016-05-10 12:58:08","2016-05-10 12:58:08"
"191","2927928","m-lounge MEN'S FASHION STUDIO","2016-05-10 12:58:08","2016-05-10 12:58:08"
"192","2928003","SIGNATURE cars","2016-05-10 12:58:08","2016-05-10 12:58:08"
"193","2928005","VINKER","2016-05-10 12:58:08","2016-05-10 12:58:08"
"194","2928008","CUIRASS","2016-05-10 12:58:08","2016-05-10 12:58:08"
"195","2928011","Sleek THE KITCHEN SPECIALIST","2016-05-10 12:58:08","2016-05-10 12:58:08"
"196","2928013","CASA MIA","2016-05-10 12:58:08","2016-05-10 12:58:08"
"197","2928075","Raja Time","2016-05-10 12:58:08","2016-05-10 12:58:08"
"198","2928076","Anugraha Home Mart","2016-05-10 12:58:08","2016-05-10 12:58:08"
"199","2928077","S SOLAR JEWELLERS GOLD DIAMOND SILVER","2016-05-10 12:58:08","2016-05-10 12:58:08"
"200","2928588","TEN DEGREE NORTH","2016-05-10 12:58:08","2016-05-10 12:58:08"
"201","2929108","e Profile Zone Future re-defined","2016-05-10 12:58:08","2016-05-10 12:58:08"
"202","2929379","Spagle","2016-05-10 12:58:08","2016-05-10 12:58:08"
"203","2930072","Y Yamku .COM","2016-05-10 12:58:08","2016-05-10 12:58:08"
"204","2930075","DrFud.com","2016-05-10 12:58:09","2016-05-10 12:58:09"
"205","2930083","Body Rhyme","2016-05-10 12:58:09","2016-05-10 12:58:09"
"206","2930085","nextech computers","2016-05-10 12:58:09","2016-05-10 12:58:09"
"207","2930649","PANAKKAD AYURVEDIC - SPECIAL TOUCH OF PANAKKAD","2016-05-10 12:58:09","2016-05-10 12:58:09"
"208","2930767","Doctor For Doctor","2016-05-10 12:58:09","2016-05-10 12:58:09"
"209","2930768","Doctor For Doctor","2016-05-10 12:58:09","2016-05-10 12:58:09"
"210","2931161","SETHUS","2016-05-10 12:58:09","2016-05-10 12:58:09"
"211","2931622","SSS SURESH","2016-05-10 12:58:09","2016-05-10 12:58:09"
"212","2931780","LIVE CLOSER TO NATURE MORE HOMES MORE TREES","2016-05-10 12:58:09","2016-05-10 12:58:09"
"213","2932169","JEANS STORE","2016-05-10 12:58:09","2016-05-10 12:58:09"
"214","2932258","Gloire international","2016-05-10 12:58:09","2016-05-10 12:58:09"
"215","2932856","Anmol","2016-05-10 12:58:09","2016-05-10 12:58:09"
"216","2932857","TEJAS TTG","2016-05-10 12:58:09","2016-05-10 12:58:09"
"217","2932859","BSD","2016-05-10 12:58:09","2016-05-10 12:58:09"
"218","2932881","firefly","2016-05-10 12:58:09","2016-05-10 12:58:09"
"219","2932906","Qube italia","2016-05-10 12:58:09","2016-05-10 12:58:09"
"220","2932990","OPTIC ZONE","2016-05-10 12:58:09","2016-05-10 12:58:09"
"221","2932991","NAKSHATHRA GOLD","2016-05-10 12:58:09","2016-05-10 12:58:09"
"222","2933683","HERB N CURE PHARMACY","2016-05-10 12:58:10","2016-05-10 12:58:10"
"223","2933695","LAIQA GOLD &amp","2016-05-10 12:58:10","2016-05-10 12:58:10"
"224","2933733","LADY INN","2016-05-10 12:58:10","2016-05-10 12:58:10"
"225","2934564","Kamlas","2016-05-10 12:58:10","2016-05-10 12:58:10"
"226","2934566","FAP NEONS","2016-05-10 12:58:10","2016-05-10 12:58:10"
"227","2934567","ANCHUMANAKAL BAHARIN GOLD","2016-05-10 12:58:10","2016-05-10 12:58:10"
"228","2934865","REDEX","2016-05-10 12:58:10","2016-05-10 12:58:10"
"229","2934868","REDEX","2016-05-10 12:58:10","2016-05-10 12:58:10"
"230","2934918","LIFEPATH STRATEGY","2016-05-10 12:58:10","2016-05-10 12:58:10"
"231","2935360","ESTADIO","2016-05-10 12:58:10","2016-05-10 12:58:10"
"232","2935768","MAG - MY ACADEMIC GURU","2016-05-10 12:58:10","2016-05-10 12:58:10"
"233","2936200","CISSIL Retail Management Pvt.Ltd.","2016-05-10 12:58:10","2016-05-10 12:58:10"
"234","2936562","DEVASSY & COMPANY","2016-05-10 12:58:10","2016-05-10 12:58:10"
"235","2936563","STEELBiZ METALS","2016-05-10 12:58:10","2016-05-10 12:58:10"
"236","2936567","hello inner.com","2016-05-10 12:58:10","2016-05-10 12:58:10"
"237","2936568","fsnt FAMILY SUPPORT NETWORKING TEAM","2016-05-10 12:58:10","2016-05-10 12:58:10"
"238","2937182","accentuate pharma","2016-05-10 12:58:10","2016-05-10 12:58:10"
"239","2937183","GRACE g SINCE - 1972","2016-05-10 12:58:10","2016-05-10 12:58:10"
"240","2937185","GRACE SUPER MARKET","2016-05-10 12:58:10","2016-05-10 12:58:10"
"241","2937335","RevelRAmp","2016-05-10 12:58:10","2016-05-10 12:58:10"
"242","2937623","EMVEE ADVERTISING","2016-05-10 12:58:10","2016-05-10 12:58:10"
"243","2937999","PREETHI SILKS","2016-05-10 12:58:10","2016-05-10 12:58:10"
"244","2938004","CONCEPT DECOR","2016-05-10 12:58:11","2016-05-10 12:58:11"
"245","2938009","LINEN STORE","2016-05-10 12:58:11","2016-05-10 12:58:11"
"246","2938388","BLACK Cherry Technologies","2016-05-10 12:58:11","2016-05-10 12:58:11"
"247","2938389","BLACK CheRRy","2016-05-10 12:58:11","2016-05-10 12:58:11"
"248","2938516","SHOOT MY DEAL A Trusted Trading Floor","2016-05-10 12:58:11","2016-05-10 12:58:11"
"249","2938631","CELLULAR WORLD","2016-05-10 12:58:11","2016-05-10 12:58:11"
"250","2938871","STAR Enterprises","2016-05-10 12:58:11","2016-05-10 12:58:11"
"251","2938873","Cee Pee cp","2016-05-10 12:58:11","2016-05-10 12:58:11"
"252","2938928","SE TRADING COMPANY","2016-05-10 12:58:11","2016-05-10 12:58:11"
"253","2939750","SPARE TECH M TEK","2016-05-10 12:58:11","2016-05-10 12:58:11"
"254","2939754","CHAPATI 365","2016-05-10 12:58:11","2016-05-10 12:58:11"
"255","2939912","molecules THE DESIGN STUDIO","2016-05-10 12:58:11","2016-05-10 12:58:11"
"256","2939918","CUE","2016-05-10 12:58:11","2016-05-10 12:58:11"
"257","2940453","ROSELLA","2016-05-10 12:58:11","2016-05-10 12:58:11"
"258","2940455","ELEGANT INTERIOR &amp","2016-05-10 12:58:11","2016-05-10 12:58:11"
"259","2940505","kunnil Since 2000 (WITH LOGO)","2016-05-10 12:58:11","2016-05-10 12:58:11"
"260","2941070","ELECTRO WORLD","2016-05-10 12:58:11","2016-05-10 12:58:11"
"261","2941074","me Hers Boutique","2016-05-10 12:58:11","2016-05-10 12:58:11"
"262","2941225","Shappad","2016-05-10 12:58:11","2016-05-10 12:58:11"
"263","2941871","Maharaja textiles & wedding centre","2016-05-10 12:58:11","2016-05-10 12:58:11"
"264","2944497","APOORVA 916 GOLD & SILKS","2016-05-10 12:58:11","2016-05-10 12:58:11"
"265","2944498","S SUDHEER COMMUNICATIONS the mobile shoppy","2016-05-10 12:58:11","2016-05-10 12:58:11"
"266","2944499","AM ASWATHI MARBLES","2016-05-10 12:58:11","2016-05-10 12:58:11"
"267","2944705","AL ARIF","2016-05-10 12:58:11","2016-05-10 12:58:11"
"268","2945994","JohnKart.com JK","2016-05-10 12:58:11","2016-05-10 12:58:11"
"269","2946481","MINISTER","2016-05-10 12:58:11","2016-05-10 12:58:11"
"270","2946508","ALMAS","2016-05-10 12:58:11","2016-05-10 12:58:11"
"271","2946510","mobilecity","2016-05-10 12:58:11","2016-05-10 12:58:11"
"272","2946512","MEN'S LOUNGE","2016-05-10 12:58:12","2016-05-10 12:58:12"
"273","2946513","men's-lounge","2016-05-10 12:58:12","2016-05-10 12:58:12"
"274","2946519","LAMEON","2016-05-10 12:58:12","2016-05-10 12:58:12"
"275","2947028","THALIYAN TRADERS","2016-05-10 12:58:12","2016-05-10 12:58:12"
"276","2947287","LEnSmAn HI-TECH OPTICAL HOUSE","2016-05-10 12:58:12","2016-05-10 12:58:12"
"277","2947365","MARKSMEN","2016-05-10 12:58:12","2016-05-10 12:58:12"
"278","2947631","aatp Business Solutions","2016-05-10 12:58:12","2016-05-10 12:58:12"
"279","2948772","Planet Nutra","2016-05-10 12:58:12","2016-05-10 12:58:12"
"280","2948773","Smarkus Solutions","2016-05-10 12:58:12","2016-05-10 12:58:12"
"281","2949146","City gold GOLD & DIAMONDS","2016-05-10 12:58:12","2016-05-10 12:58:12"
"282","2949152","MUKKAM TYRES","2016-05-10 12:58:12","2016-05-10 12:58:12"
"283","2949153","ft Fathima Tiles","2016-05-10 12:58:12","2016-05-10 12:58:12"
"284","2949185","NTY AGRO","2016-05-10 12:58:12","2016-05-10 12:58:12"
"285","2950638","JEWEL COUNTRY","2016-05-10 12:58:12","2016-05-10 12:58:12"
"286","2950640","JEWEL COUNTRY","2016-05-10 12:58:12","2016-05-10 12:58:12"
"287","2950860","CONFRA","2016-05-10 12:58:12","2016-05-10 12:58:12"
"288","2951362","FAsHioN FRUitz","2016-05-10 12:58:12","2016-05-10 12:58:12"
"289","2951620","BCAPITAL","2016-05-10 12:58:12","2016-05-10 12:58:12"
"290","2951621","BEECAPITALS","2016-05-10 12:58:12","2016-05-10 12:58:12"
"291","2951725","TRAVANCORE TALES","2016-05-10 12:58:12","2016-05-10 12:58:12"
"292","2953825","Elliz Collections","2016-05-10 12:58:12","2016-05-10 12:58:12"
"293","2953847","GOLDWIN","2016-05-10 12:58:12","2016-05-10 12:58:12"
"294","2955266","EVENTea","2016-05-10 12:58:12","2016-05-10 12:58:12"
"295","2955267","ADS CAFE","2016-05-10 12:58:12","2016-05-10 12:58:12"
"296","2955399","WORLD SPICE CONGRESS","2016-05-10 12:58:12","2016-05-10 12:58:12"
"297","2955400","WORLD SPICE CONGRESS","2016-05-10 12:58:12","2016-05-10 12:58:12"
"298","2955491","CHEMINSCO","2016-05-10 12:58:12","2016-05-10 12:58:12"
"299","2955625","MARIKAR MOTE","2016-05-10 12:58:13","2016-05-10 12:58:13"
"300","2955626","nias marikar PHOTOGRAPHY","2016-05-10 12:58:13","2016-05-10 12:58:13"
"301","2958434","treasurekart","2016-05-10 12:58:13","2016-05-10 12:58:13"
"302","2958777","SMART HOMZ","2016-05-10 12:58:13","2016-05-10 12:58:13"
"303","2958778","INDORA associates","2016-05-10 12:58:13","2016-05-10 12:58:13"
"304","2958779","Orange ads","2016-05-10 12:58:13","2016-05-10 12:58:13"
"305","2958780","DOCTORS4JOBS D4j (WITH DEVICE)","2016-05-10 12:58:13","2016-05-10 12:58:13"
"306","2958781","ANGEMANAKATTIL","2016-05-10 12:58:13","2016-05-10 12:58:13"
"307","2958785","MALABAR PUMP","2016-05-10 12:58:13","2016-05-10 12:58:13"
"308","2958788","REGAL BASICS","2016-05-10 12:58:13","2016-05-10 12:58:13"
"309","2958789","MAMBALLY'S BAKERY","2016-05-10 12:58:13","2016-05-10 12:58:13"
"310","2959189","Good Morning Stores","2016-05-10 12:58:13","2016-05-10 12:58:13"
"311","2960178","MOART","2016-05-10 12:58:13","2016-05-10 12:58:13"
"312","2960456","KAVANI","2016-05-10 12:58:13","2016-05-10 12:58:13"
"313","2960457","","2016-05-10 12:58:13","2016-05-10 12:58:13"
"314","2960460","GREEN PARROT","2016-05-10 12:58:13","2016-05-10 12:58:13"
"315","2960462","ORBIT ZONE","2016-05-10 12:58:13","2016-05-10 12:58:13"
"316","2960463","EPAY. EASY PAY...!","2016-05-10 12:58:13","2016-05-10 12:58:13"
"317","2960464","EC","2016-05-10 12:58:13","2016-05-10 12:58:13"
"318","2960466","MYGRIP","2016-05-10 12:58:13","2016-05-10 12:58:13"
"319","2960585","sandeshone","2016-05-10 12:58:13","2016-05-10 12:58:13"
"320","2960667","ZIRCON","2016-05-10 12:58:13","2016-05-10 12:58:13"
"321","2960700","new india BUSINESS CORPORATION","2016-05-10 12:58:13","2016-05-10 12:58:13"
"322","2961221","HONEST BUILD MART","2016-05-10 12:58:13","2016-05-10 12:58:13"
"323","2961223","WECOSYSTEM","2016-05-10 12:58:13","2016-05-10 12:58:13"
"324","2961224","Wecosystem","2016-05-10 12:58:14","2016-05-10 12:58:14"
"325","2961232","CAPITAL CASHEW EXPORTS","2016-05-10 12:58:14","2016-05-10 12:58:14"
"326","2961698","CABMAN","2016-05-10 12:58:14","2016-05-10 12:58:14"
"327","2963333","KARV","2016-05-10 12:58:14","2016-05-10 12:58:14"
"328","2963480","PEREPPADANS GOLD PARK JEWELLERY","2016-05-10 12:58:14","2016-05-10 12:58:14"
"329","2963481","Glitz THE FEMININE GALLERY","2016-05-10 12:58:14","2016-05-10 12:58:14"
"330","2963483","GOLD PARK JEWELLERY","2016-05-10 12:58:14","2016-05-10 12:58:14"
"331","2963484","PEREPPADANS JEWELLERY","2016-05-10 12:58:14","2016-05-10 12:58:14"
"332","2963615","PM EXCELLENCE SERVICES pmExcell.Take Control","2016-05-10 12:58:14","2016-05-10 12:58:14"
"333","2964338","LIME TEA","2016-05-10 12:58:14","2016-05-10 12:58:14"
"334","2964614","ELITE SUPERMARKET","2016-05-10 12:58:14","2016-05-10 12:58:14"
"335","2964709","Elixir MEDISYSTEMS","2016-05-10 12:58:14","2016-05-10 12:58:14"
"336","2964710","STAR FiSH","2016-05-10 12:58:14","2016-05-10 12:58:14"
"337","2964978","Mizmaiz THE FASHION CREATORS","2016-05-10 12:58:14","2016-05-10 12:58:14"
"338","2964982","MUKHADHAS","2016-05-10 12:58:14","2016-05-10 12:58:14"
"339","2965040","Fopaki","2016-05-10 12:58:14","2016-05-10 12:58:14"
"340","2965334","DigitalJedi","2016-05-10 12:58:14","2016-05-10 12:58:14"
"341","2966303","NICE TECH","2016-05-10 12:58:14","2016-05-10 12:58:14"
"342","2966953","SINCERE FOODS","2016-05-10 12:58:14","2016-05-10 12:58:14"
"343","2967190","automob","2016-05-10 12:58:14","2016-05-10 12:58:14"
"344","2967761","Spanish Chick popeys","2016-05-10 12:58:14","2016-05-10 12:58:14"
"345","2967762","Spanish Fried Chicken","2016-05-10 12:58:15","2016-05-10 12:58:15"
"346","2967763","SFC","2016-05-10 12:58:15","2016-05-10 12:58:15"
"347","2967838","MEDIA CARE MC","2016-05-10 12:58:15","2016-05-10 12:58:15"
"348","2967839","Swapna Shamz","2016-05-10 12:58:15","2016-05-10 12:58:15"
"349","2967842","SEVEN ENTERTAINMENT","2016-05-10 12:58:15","2016-05-10 12:58:15"
"350","2967844","THE TIRE CLUB","2016-05-10 12:58:15","2016-05-10 12:58:15"
"351","2968672","alfa Bio flame","2016-05-10 12:58:15","2016-05-10 12:58:15"
"352","2968676","SKIN FRAME","2016-05-10 12:58:15","2016-05-10 12:58:15"
"353","2968923","HaRakh we think only PINK","2016-05-10 12:58:15","2016-05-10 12:58:15"
"354","2969273","edimate","2016-05-10 12:58:15","2016-05-10 12:58:15"
"355","2969275","ingre","2016-05-10 12:58:15","2016-05-10 12:58:15"
"356","2969281","Kokos","2016-05-10 12:58:15","2016-05-10 12:58:15"
"357","2970089","INTROMZ","2016-05-10 12:58:15","2016-05-10 12:58:15"
"358","2970456","H-Guard  Make it your home guard","2016-05-10 12:58:15","2016-05-10 12:58:15"
"359","2970720","HONEST GROUP","2016-05-10 12:58:15","2016-05-10 12:58:15"
"360","2970721","KINGSTAGE MOULDED FURNITURE","2016-05-10 12:58:15","2016-05-10 12:58:15"
"361","2971496","INNOVIZO IVBS","2016-05-10 12:58:15","2016-05-10 12:58:15"
"362","2971500","JP PRODUCTS","2016-05-10 12:58:15","2016-05-10 12:58:15"
"363","2971502","SRI SAKTHI TRADERS","2016-05-10 12:58:15","2016-05-10 12:58:15"
"364","2972004","VIRUS MARKETING","2016-05-10 12:58:15","2016-05-10 12:58:15"
"365","2972619","ARAB GOLD & DIAMONDS","2016-05-10 12:58:15","2016-05-10 12:58:15"
"366","2972770","KGM","2016-05-10 12:58:15","2016-05-10 12:58:15"
"367","2973027","DAEON","2016-05-10 12:58:15","2016-05-10 12:58:15"
"368","2973050","Zokart","2016-05-10 12:58:15","2016-05-10 12:58:15"
"369","2973121","LOKIN buildmart","2016-05-10 12:58:15","2016-05-10 12:58:15"
"370","2973153","Winterbloom","2016-05-10 12:58:15","2016-05-10 12:58:15"
"371","2973162","KK'S ROYAL INDIA","2016-05-10 12:58:16","2016-05-10 12:58:16"
"372","2973542","cocoon","2016-05-10 12:58:16","2016-05-10 12:58:16"
"373","2973544","denorange HELATH CARE do","2016-05-10 12:58:16","2016-05-10 12:58:16"
"374","2973554","jyothishamonlinE.com","2016-05-10 12:58:16","2016-05-10 12:58:16"
"375","2973624","VERTEX ICECREAM","2016-05-10 12:58:16","2016-05-10 12:58:16"
"376","2973656","DUBAI PROPERTY SHOW","2016-05-10 12:58:16","2016-05-10 12:58:16"
"377","2973734","GREENDAY","2016-05-10 12:58:16","2016-05-10 12:58:16"
"378","2973742","URBAN GALORE","2016-05-10 12:58:16","2016-05-10 12:58:16"
"379","2975108","","2016-05-10 12:58:16","2016-05-10 12:58:16"
"380","2975375","New United Trading Company","2016-05-10 12:58:16","2016-05-10 12:58:16"
"381","2975446","SABKAA","2016-05-10 12:58:16","2016-05-10 12:58:16"
"382","2975457","Sabkaa Auto Scheduler","2016-05-10 12:58:16","2016-05-10 12:58:16"
"383","2975459","Sabkaa Missed Call Recharge","2016-05-10 12:58:16","2016-05-10 12:58:16"
"384","2975462","Picky Ant","2016-05-10 12:58:16","2016-05-10 12:58:16"
"385","2976632","POPULAR","2016-05-10 12:58:16","2016-05-10 12:58:16"
"386","2976633","crocurry.com","2016-05-10 12:58:16","2016-05-10 12:58:16"
"387","2976634","CEYENAR","2016-05-10 12:58:16","2016-05-10 12:58:16"
"388","2977097","Fortlinks","2016-05-10 12:58:16","2016-05-10 12:58:16"
"389","2977099","SKYMER MARKETING","2016-05-10 12:58:16","2016-05-10 12:58:16"
"390","2977461","FORHOME BOUTIQUE","2016-05-10 12:58:16","2016-05-10 12:58:16"
"391","2977465","BEVCO","2016-05-10 12:58:16","2016-05-10 12:58:16"
"392","2978424","ADEVA","2016-05-10 12:58:16","2016-05-10 12:58:16"
"393","2978699","PULARY","2016-05-10 12:58:16","2016-05-10 12:58:16"
"394","2978700","FRD FUTURE RESOURCE DEVELOPMENT","2016-05-10 12:58:16","2016-05-10 12:58:16"
"395","2978701","Leo Leaders in Logistics","2016-05-10 12:58:16","2016-05-10 12:58:16"
"396","2979277","THE BIKESTORE TBS","2016-05-10 12:58:16","2016-05-10 12:58:16"
"397","2979568","mototrader india","2016-05-10 12:58:16","2016-05-10 12:58:16"
"398","2979570","My Select","2016-05-10 12:58:17","2016-05-10 12:58:17"
"399","2979571","KARMA","2016-05-10 12:58:17","2016-05-10 12:58:17"
"400","2979572","GRIHA","2016-05-10 12:58:17","2016-05-10 12:58:17"
"401","2980130","GREEN SPRINGS INTERNATIONAL GROUP","2016-05-10 12:58:17","2016-05-10 12:58:17"
"402","2980962","LUSTRE TAG","2016-05-10 12:58:17","2016-05-10 12:58:17"
"403","2981105","Cocotuft","2016-05-10 12:58:17","2016-05-10 12:58:17"
"404","2981107","KUDKY'S STONE ARCH","2016-05-10 12:58:17","2016-05-10 12:58:17"
"405","2981296","MT GROUP GLOBAL","2016-05-10 12:58:17","2016-05-10 12:58:17"
"406","2981307","EATO","2016-05-10 12:58:17","2016-05-10 12:58:17"
"407","2981927","Wedding MoPics","2016-05-10 12:58:17","2016-05-10 12:58:17"
"408","2982116","TravancOre Silks","2016-05-10 12:58:17","2016-05-10 12:58:17"
"409","2982312","Biz induce","2016-05-10 12:58:17","2016-05-10 12:58:17"
"410","2982313","med e guru","2016-05-10 12:58:17","2016-05-10 12:58:17"
"411","2982405","S Smart LIFE CARE","2016-05-10 12:58:17","2016-05-10 12:58:17"
"412","2982406","Yara WEDDING","2016-05-10 12:58:17","2016-05-10 12:58:17"
"413","2982407","MOTO HAWK","2016-05-10 12:58:17","2016-05-10 12:58:17"
"414","2982567","LAVERNA TRADERS &amp","2016-05-10 12:58:17","2016-05-10 12:58:17"
"415","2982931","sofaas","2016-05-10 12:58:17","2016-05-10 12:58:17"
"416","2982933","A abaab","2016-05-10 12:58:17","2016-05-10 12:58:17"
"417","2984109","TAPEHOUSE COMPLETE PACKING SOLUTIONS","2016-05-10 12:58:17","2016-05-10 12:58:17"
"418","2984459","KRAFTA","2016-05-10 12:58:17","2016-05-10 12:58:17"
"419","2985109","Temple Of Silks","2016-05-10 12:58:17","2016-05-10 12:58:17"
"420","2985324","DECZI","2016-05-10 12:58:18","2016-05-10 12:58:18"
"421","2985443","GOVINDSONS","2016-05-10 12:58:18","2016-05-10 12:58:18"
"422","2985477","Jessy BAKERS AND RESTAURANT","2016-05-10 12:58:18","2016-05-10 12:58:18"
"423","2985719","THE CROCHET COMPANY","2016-05-10 12:58:18","2016-05-10 12:58:18"
"424","2985724","KERALASIGN","2016-05-10 12:58:18","2016-05-10 12:58:18"
"425","2986525","IOSIS","2016-05-10 12:58:18","2016-05-10 12:58:18"
"426","2986584","KGG","2016-05-10 12:58:18","2016-05-10 12:58:18"
"427","2986958","Malabar ORTHOPAEDIC Frontier","2016-05-10 12:58:18","2016-05-10 12:58:18"
"428","2986959","ABSOLUTE BONE CARE ORTHOPAEDIC SPECIALITY HOSPITAL","2016-05-10 12:58:18","2016-05-10 12:58:18"
"429","2987451","AYSHU","2016-05-10 12:58:18","2016-05-10 12:58:18"
"430","2987475","Old Town Hospitality","2016-05-10 12:58:18","2016-05-10 12:58:18"
"431","2987477","TICK","2016-05-10 12:58:18","2016-05-10 12:58:18"
"432","2988448","BENCHMATE","2016-05-10 12:58:18","2016-05-10 12:58:18"
"433","2989049","PONIMO","2016-05-10 12:58:18","2016-05-10 12:58:18"
"434","2989284","T TRINITY","2016-05-10 12:58:19","2016-05-10 12:58:19"
"435","2989286","NEO ROOFING","2016-05-10 12:58:19","2016-05-10 12:58:19"
"436","2989287","KUNJAMMACHI SPECIAL","2016-05-10 12:58:19","2016-05-10 12:58:19"
"437","2990183","tayas RIGHT PLACE ANYTIME","2016-05-10 12:58:19","2016-05-10 12:58:19"
"438","2990186","MY Talkies","2016-05-10 12:58:19","2016-05-10 12:58:19"
"439","2990187","GLOBAL ASSOCIATES (WITH DEVICE)","2016-05-10 12:58:19","2016-05-10 12:58:19"
"440","2990188","ec PRODUCTS (WITH DEVICE)","2016-05-10 12:58:19","2016-05-10 12:58:19"
"441","2990192","HIMALAYA SINCE 1948 (WITH DEVICE)","2016-05-10 12:58:19","2016-05-10 12:58:19"
"442","2990403","ROSHNI PHARMA & SURGICALS","2016-05-10 12:58:19","2016-05-10 12:58:19"
"443","2990618","mango","2016-05-10 12:58:19","2016-05-10 12:58:19"
"444","2991251","BATHTEK","2016-05-10 12:58:19","2016-05-10 12:58:19"
"445","2991493","","2016-05-10 12:58:19","2016-05-10 12:58:19"
"446","2991494","","2016-05-10 12:58:19","2016-05-10 12:58:19"
"447","2992377","ALMAS","2016-05-10 12:58:19","2016-05-10 12:58:19"
"448","2992379","OYASIS","2016-05-10 12:58:19","2016-05-10 12:58:19"
"449","2992381","VESTLIFE","2016-05-10 12:58:19","2016-05-10 12:58:19"
"450","2992382","Farmco","2016-05-10 12:58:19","2016-05-10 12:58:19"
"451","2992384","CLARUS","2016-05-10 12:58:20","2016-05-10 12:58:20"
"452","2992388","NETROUTE","2016-05-10 12:58:20","2016-05-10 12:58:20"
"453","2992392","PLAYOFF","2016-05-10 12:58:20","2016-05-10 12:58:20"
"454","2992709","GILS","2016-05-10 12:58:20","2016-05-10 12:58:20"
"455","2992710","CARA VIOLET CLOTHINGS AND ACCESSORIES","2016-05-10 12:58:20","2016-05-10 12:58:20"
"456","2993070","Peloton Sports","2016-05-10 12:58:20","2016-05-10 12:58:20"
"457","2993235","kwp","2016-05-10 12:58:20","2016-05-10 12:58:20"
"458","2993237","comcure","2016-05-10 12:58:20","2016-05-10 12:58:20"
"459","2993480","my Mummy's","2016-05-10 12:58:20","2016-05-10 12:58:20"
"460","2996462","LOGO","2016-05-10 12:58:20","2016-05-10 12:58:20"
"461","2996529","ODYSSIA","2016-05-10 12:58:20","2016-05-10 12:58:20"
"462","2996532","STONE CITY","2016-05-10 12:58:20","2016-05-10 12:58:20"
"463","2997755","3G","2016-05-10 12:58:20","2016-05-10 12:58:20"
"464","2997756","3G WORLD","2016-05-10 12:58:20","2016-05-10 12:58:20"
"465","2997757","4 G","2016-05-10 12:58:20","2016-05-10 12:58:20"
"466","2997759","5G","2016-05-10 12:58:20","2016-05-10 12:58:20"
"467","2997767","IMAGE MOBILES & COMPUTERS TO UPDATE PEOPLE","2016-05-10 12:58:20","2016-05-10 12:58:20"
"468","2997771","GiDON symbol of status","2016-05-10 12:58:20","2016-05-10 12:58:20"
"469","2998019","WE SECURE SOLUTION","2016-05-10 12:58:20","2016-05-10 12:58:20"
"470","2998270","MYLEGS FOOTWEARS & BAGS","2016-05-10 12:58:20","2016-05-10 12:58:20"
"471","2998834","Brand Konnect","2016-05-10 12:58:20","2016-05-10 12:58:20"
"472","2999272","Zeyona+","2016-05-10 12:58:20","2016-05-10 12:58:20"
"473","2999842","Dr. N.G. murali's ILA Organic Cuture Complete Organic Super ","2016-05-10 12:58:20","2016-05-10 12:58:20"
"474","2999848","Copious Consult Growth is life","2016-05-10 12:58:21","2016-05-10 12:58:21"
"475","2999857","JOYCHIRAYATH GOLD. SILVER.DIAMOND","2016-05-10 12:58:21","2016-05-10 12:58:21"
"476","3000019","PRIME MERIDIAN INFRSTRUCTURE","2016-05-10 12:58:21","2016-05-10 12:58:21"
"477","3000021","meridian homes Villas & Apartments","2016-05-10 12:58:21","2016-05-10 12:58:21"
"478","3000026","KANIHA","2016-05-10 12:58:21","2016-05-10 12:58:21"
"479","3000027","KANIHA WEDDING CENTRE","2016-05-10 12:58:21","2016-05-10 12:58:21"
"480","3000029","THEKKINEDATH JEWELLERY","2016-05-10 12:58:21","2016-05-10 12:58:21"
"481","3000274","MAGIS","2016-05-10 12:58:21","2016-05-10 12:58:21"
"482","3000707","M MAHAL","2016-05-10 12:58:21","2016-05-10 12:58:21"
"483","3000891","Oasis Caterers","2016-05-10 12:58:21","2016-05-10 12:58:21"
"484","3001516","LE MARBLE GALLERY PVT LTD","2016-05-10 12:58:21","2016-05-10 12:58:21"
"485","3001517","G2 GULF SQUARE","2016-05-10 12:58:21","2016-05-10 12:58:21"
"486","3001630","STONE WORLD","2016-05-10 12:58:21","2016-05-10 12:58:21"
"487","3001637","AYURVEDA SIDHA KALPA VAIDAYASALA","2016-05-10 12:58:21","2016-05-10 12:58:21"
"488","3001744","LOYS","2016-05-10 12:58:21","2016-05-10 12:58:21"
"489","3002116","AI Fifa Trading & Marketing Pvt.Ltd.","2016-05-10 12:58:21","2016-05-10 12:58:21"
"490","3003041","Camilo Popees","2016-05-10 12:58:21","2016-05-10 12:58:21"
"491","3003175","Nuovoland","2016-05-10 12:58:21","2016-05-10 12:58:21"
"492","3003189","gallant GENT SHOWROOM","2016-05-10 12:58:21","2016-05-10 12:58:21"
"493","3003193","Unison Trade Links","2016-05-10 12:58:21","2016-05-10 12:58:21"
"494","3003195","ADORN GLASS ART","2016-05-10 12:58:21","2016-05-10 12:58:21"
"495","3003403","e ERAM skills academy","2016-05-10 12:58:21","2016-05-10 12:58:21"
"496","3003406","ESPOiR Enlighten Skills Program For Oil and Rig","2016-05-10 12:58:21","2016-05-10 12:58:21"
"497","3003443","BUBBLE MEDIA","2016-05-10 12:58:22","2016-05-10 12:58:22"
"498","3003446","SMARTPIX MEDIA","2016-05-10 12:58:22","2016-05-10 12:58:22"
"499","3003447","INDIAN CELEBRITIES","2016-05-10 12:58:22","2016-05-10 12:58:22"
"500","3003535","ANAMIKA AYURVEDICS","2016-05-10 12:58:22","2016-05-10 12:58:22"
"501","3003731","Pengraph","2016-05-10 12:58:22","2016-05-10 12:58:22"
"502","3003808","BAKERS & BUTLERS","2016-05-10 12:58:22","2016-05-10 12:58:22"
"503","3003810","instyle live in style","2016-05-10 12:58:22","2016-05-10 12:58:22"
"504","3004228","CLEAR VISION","2016-05-10 12:58:22","2016-05-10 12:58:22"
"505","3004527","NEO AGENCY","2016-05-10 12:58:22","2016-05-10 12:58:22"
"506","3004979","Your Comfort Is Our Comfort","2016-05-10 12:58:22","2016-05-10 12:58:22"
"507","3006461","SK ENTERPRICES","2016-05-10 12:58:22","2016-05-10 12:58:22"
"508","3006597","Bake Tree CAFE BAKERY","2016-05-10 12:58:22","2016-05-10 12:58:22"
"509","3006599","C mart","2016-05-10 12:58:22","2016-05-10 12:58:22"
"510","3007083","DHATHRI","2016-05-10 12:58:22","2016-05-10 12:58:22"
"511","3007709","SHETRENDS","2016-05-10 12:58:22","2016-05-10 12:58:22"
"512","3007719","BIZAPP","2016-05-10 12:58:22","2016-05-10 12:58:22"
"513","3007722","VAVA AUDIOS","2016-05-10 12:58:23","2016-05-10 12:58:23"
"514","3008515","ONE HOUR BRANDING.com","2016-05-10 12:58:23","2016-05-10 12:58:23"
"515","3008516","GET YOUR AGENCY","2016-05-10 12:58:23","2016-05-10 12:58:23"
"516","3009063","Josephsons","2016-05-10 12:58:23","2016-05-10 12:58:23"
"517","3009065","J.K.","2016-05-10 12:58:23","2016-05-10 12:58:23"
"518","3009068","Bakerji","2016-05-10 12:58:23","2016-05-10 12:58:23"
"519","3009938","DORUS BEYOND VALUE","2016-05-10 12:58:23","2016-05-10 12:58:23"
"520","3009989","â??Kâ?? LOGO, KALLIYATH - SINCE 1929","2016-05-10 12:58:23","2016-05-10 12:58:23"
"521","3010206","IPause.","2016-05-10 12:58:23","2016-05-10 12:58:23"
"522","3010435","EVENTIQUE HOUSE","2016-05-10 12:58:23","2016-05-10 12:58:23"
"523","3010545","darts","2016-05-10 12:58:23","2016-05-10 12:58:23"
"524","3010548","Remys","2016-05-10 12:58:23","2016-05-10 12:58:23"
"525","3010627","POULTRYNA Lab pvt Ltd.","2016-05-10 12:58:23","2016-05-10 12:58:23"
"526","3010935","laksyah","2016-05-10 12:58:23","2016-05-10 12:58:23"
"527","3011050","WELLCO KICHENS","2016-05-10 12:58:23","2016-05-10 12:58:23"
"528","3011149","EXOTIC store","2016-05-10 12:58:24","2016-05-10 12:58:24"
"529","3011477","WINDFLOWERS CONSULTING","2016-05-10 12:58:24","2016-05-10 12:58:24"
"530","3012608","ADAURA","2016-05-10 12:58:24","2016-05-10 12:58:24"
"531","3012711","YAYA FLIX","2016-05-10 12:58:24","2016-05-10 12:58:24"
"532","3013435","G Thoufeea GOLD","2016-05-10 12:58:24","2016-05-10 12:58:24"
"533","3013436","G Thoufeea GOLD","2016-05-10 12:58:24","2016-05-10 12:58:24"
"534","3013437","&quot","2016-05-10 12:58:24","2016-05-10 12:58:24"
"535","3013438","&quot","2016-05-10 12:58:24","2016-05-10 12:58:24"
"536","3013755","media","2016-05-10 12:58:24","2016-05-10 12:58:24"
"537","3013910","THE KAITHARI PROJECT","2016-05-10 12:58:24","2016-05-10 12:58:24"
"538","3014737","HOME BUDGET YOUR HOME","2016-05-10 12:58:24","2016-05-10 12:58:24"
"539","3014739","i MART","2016-05-10 12:58:24","2016-05-10 12:58:24"
"540","3014740","i MALL express","2016-05-10 12:58:24","2016-05-10 12:58:24"
"541","3014742","i GALLERY","2016-05-10 12:58:24","2016-05-10 12:58:24"
"542","3014744","i trendz","2016-05-10 12:58:24","2016-05-10 12:58:24"
"543","3014745","i SPORTZ","2016-05-10 12:58:24","2016-05-10 12:58:24"
"544","3014747","SERVICE ON DEMAND","2016-05-10 12:58:24","2016-05-10 12:58:24"
"545","3014749","KM Business Group","2016-05-10 12:58:25","2016-05-10 12:58:25"
"546","3014751","PENINA GROUP SINCE 1997","2016-05-10 12:58:25","2016-05-10 12:58:25"
"547","3014756","K.B. SHARMA BROTHERS","2016-05-10 12:58:25","2016-05-10 12:58:25"
"548","3014758","ANTIQUE HOME DECOR FURNITURE aHD","2016-05-10 12:58:25","2016-05-10 12:58:25"
"549","3014837","KANTHAM","2016-05-10 12:58:25","2016-05-10 12:58:25"
"550","3015108","KOMBASSERIL Jewellers","2016-05-10 12:58:25","2016-05-10 12:58:25"
"551","3015118","innovating space neo space ARCHITECTS . ENGINEERS . INTERIOR","2016-05-10 12:58:25","2016-05-10 12:58:25"
"552","3015258","SOBHA SAREE HOUSE","2016-05-10 12:58:25","2016-05-10 12:58:25"
"553","3015753","SkyLark Pictures Entertainment  GET IN TO THE WORLD ENTERTAI","2016-05-10 12:58:25","2016-05-10 12:58:25"
"554","3017005","SALAM &amp","2016-05-10 12:58:25","2016-05-10 12:58:25"
"555","3017445","PAVANS Digital World","2016-05-10 12:58:25","2016-05-10 12:58:25"
"556","3018098","Mugal Jewellery DEVICE OF MJ","2016-05-10 12:58:25","2016-05-10 12:58:25"
"557","3018109","Sanibel Designer Boutique","2016-05-10 12:58:25","2016-05-10 12:58:25"
"558","3018110","Device of Dancing Lady","2016-05-10 12:58:25","2016-05-10 12:58:25"
"559","3018716","Linen Hub","2016-05-10 12:58:25","2016-05-10 12:58:25"
"560","3018721","mark@t market next door","2016-05-10 12:58:25","2016-05-10 12:58:25"
"561","3019095","ARAMIA","2016-05-10 12:58:25","2016-05-10 12:58:25"
"562","3019252","PARDA SOUK","2016-05-10 12:58:25","2016-05-10 12:58:25"
"563","3021749","UFM UNIVERSAL FILM MARKET","2016-05-10 12:58:25","2016-05-10 12:58:25"
"564","3021796","HBC alongwith logo placed in the side","2016-05-10 12:58:25","2016-05-10 12:58:25"
"565","3021798","HBC alongwith logo placed above","2016-05-10 12:58:25","2016-05-10 12:58:25"
"566","3022401","red sparrow Hotels & Resorts (WITH DEVICE)","2016-05-10 12:58:26","2016-05-10 12:58:26"
"567","3022760","DJ HELMETS","2016-05-10 12:58:26","2016-05-10 12:58:26"
"568","3022761","AMIGO","2016-05-10 12:58:26","2016-05-10 12:58:26"
"569","3022781","Vismaya Valley","2016-05-10 12:58:26","2016-05-10 12:58:26"
"570","3022797","fashion BOUTIQUE","2016-05-10 12:58:26","2016-05-10 12:58:26"
"571","3023242","Belleza","2016-05-10 12:58:26","2016-05-10 12:58:26"
"572","3023451","SOBHAS CONDIMENTS & STORE","2016-05-10 12:58:26","2016-05-10 12:58:26"
"573","3023835","KITTS  (WITH LOGO)","2016-05-10 12:58:26","2016-05-10 12:58:26"
"574","3024040","BRUFIA","2016-05-10 12:58:26","2016-05-10 12:58:26"
"575","3024041","CUTIE PIE","2016-05-10 12:58:26","2016-05-10 12:58:26"
"576","3024042","","2016-05-10 12:58:26","2016-05-10 12:58:26"
"577","3024838","DEOWIN","2016-05-10 12:58:26","2016-05-10 12:58:26"
"578","3026150","AL-FAS (DEVICE OF A )","2016-05-10 12:58:26","2016-05-10 12:58:26"
"579","3026155","KUNTAM","2016-05-10 12:58:26","2016-05-10 12:58:26"
"580","3026379","MINAR MINAR TUBES & PIPES.","2016-05-10 12:58:26","2016-05-10 12:58:26"
"581","3026833","vasnio","2016-05-10 12:58:26","2016-05-10 12:58:26"
"582","3026836","RADHAKRISHNA TEXTILES","2016-05-10 12:58:26","2016-05-10 12:58:26"
"583","3026877","MEN'SHUB MOCCA YOUR SEARCH ENDS HERE","2016-05-10 12:58:26","2016-05-10 12:58:26"
"584","3026882","ISMA","2016-05-10 12:58:26","2016-05-10 12:58:26"
"585","3026883","isma (DEVICE OF i )","2016-05-10 12:58:26","2016-05-10 12:58:26"
"586","3026886","Lameon (WITH DEVICE)","2016-05-10 12:58:26","2016-05-10 12:58:26"
"587","3026895","ESIKA COUTURE","2016-05-10 12:58:26","2016-05-10 12:58:26"
"588","3027024","design . beena (WITH DEVICE)","2016-05-10 12:58:27","2016-05-10 12:58:27"
"589","3027127","Poonolil","2016-05-10 12:58:27","2016-05-10 12:58:27"
"590","3027591","Behind Mart","2016-05-10 12:58:27","2016-05-10 12:58:27"
"591","3028314","CANTIZ","2016-05-10 12:58:27","2016-05-10 12:58:27"
"592","3028326","APTIND and logo","2016-05-10 12:58:27","2016-05-10 12:58:27"
"593","3028413","D.V.DEO Industries","2016-05-10 12:58:27","2016-05-10 12:58:27"
"594","3028580","PHARMEX FORMULATIONS","2016-05-10 12:58:27","2016-05-10 12:58:27"
"595","3028801","MY SHOP","2016-05-10 12:58:27","2016-05-10 12:58:27"
"596","3028802","ENNUADAIYA KADAI","2016-05-10 12:58:27","2016-05-10 12:58:27"
"597","3028803","MERI DUKAN","2016-05-10 12:58:27","2016-05-10 12:58:27"
"598","3029179","NA AGNKADI","2016-05-10 12:58:27","2016-05-10 12:58:27"
"599","3029180","NANNU ANGKADI","2016-05-10 12:58:27","2016-05-10 12:58:27"
"600","3029420","LEATHER MAN","2016-05-10 12:58:27","2016-05-10 12:58:27"
"601","3029432","LUCINE","2016-05-10 12:58:27","2016-05-10 12:58:27"
"602","3030356","ARTZOLO","2016-05-10 12:58:27","2016-05-10 12:58:27"
"603","3031084","FUNBA","2016-05-10 12:58:27","2016-05-10 12:58:27"
"604","3031569","ASWATHI FURNITURE PALACE","2016-05-10 12:58:27","2016-05-10 12:58:27"
"605","3031596","Logimart.com","2016-05-10 12:58:28","2016-05-10 12:58:28"
"606","3032293","silpi","2016-05-10 12:58:28","2016-05-10 12:58:28"
"607","3032298","VISMAYA GOLD & DIAMONDS","2016-05-10 12:58:28","2016-05-10 12:58:28"
"608","3032496","ENJOY FOODS A FAIR AND FREEDOM SHOP","2016-05-10 12:58:28","2016-05-10 12:58:28"
"609","3033477","MALE REPUBLIC","2016-05-10 12:58:28","2016-05-10 12:58:28"
"610","3033487","T TSNAPS Telebusiness Pvt Ltd","2016-05-10 12:58:28","2016-05-10 12:58:28"
"611","3033489","M Phone","2016-05-10 12:58:28","2016-05-10 12:58:28"
"612","3033490","Tarang Style Your Passion","2016-05-10 12:58:28","2016-05-10 12:58:28"
"613","3034000","calabura labs","2016-05-10 12:58:28","2016-05-10 12:58:28"
"614","3034002","FAMOUS HALVA BAZAR","2016-05-10 12:58:28","2016-05-10 12:58:28"
"615","3034186","Dr.Accounting","2016-05-10 12:58:28","2016-05-10 12:58:28"
"616","3034692","","2016-05-10 12:58:28","2016-05-10 12:58:28"
"617","3034893","DEVICE","2016-05-10 12:58:28","2016-05-10 12:58:28"
"618","3035093","SITHARA GROUPS","2016-05-10 12:58:28","2016-05-10 12:58:28"
"619","3035832","M.V ADVERTISING","2016-05-10 12:58:28","2016-05-10 12:58:28"
"620","3036084","DHANYA","2016-05-10 12:58:28","2016-05-10 12:58:28"
"621","3036085","Pinnacle","2016-05-10 12:58:29","2016-05-10 12:58:29"
"622","3036088","Fcube","2016-05-10 12:58:29","2016-05-10 12:58:29"
"623","3036519","RAHMA","2016-05-10 12:58:29","2016-05-10 12:58:29"
"624","3036582","Paddy Hill","2016-05-10 12:58:29","2016-05-10 12:58:29"
"625","3036647","Paddy Hill","2016-05-10 12:58:29","2016-05-10 12:58:29"
"626","3036953","dream orange HYPERMARKET","2016-05-10 12:58:29","2016-05-10 12:58:29"
"627","3036954","tasty sports.com","2016-05-10 12:58:29","2016-05-10 12:58:29"
"628","3036957","PRECIA PRECIOUS GEM JEWELLERY","2016-05-10 12:58:29","2016-05-10 12:58:29"
"629","3036958","DIVINE INDIAN HERTAGE JEWELLERY","2016-05-10 12:58:29","2016-05-10 12:58:29"
"630","3036959","ERA uncut diamond jewellery","2016-05-10 12:58:29","2016-05-10 12:58:29"
"631","3036960","ethnix Hand crafted designer jewellery","2016-05-10 12:58:29","2016-05-10 12:58:29"
"632","3037381","ALINSHA","2016-05-10 12:58:29","2016-05-10 12:58:29"
"633","3037838","Kollam Fashion","2016-05-10 12:58:29","2016-05-10 12:58:29"
"634","3038418","TEJUS","2016-05-10 12:58:29","2016-05-10 12:58:29"
"635","3040340","GOODWIN","2016-05-10 12:58:29","2016-05-10 12:58:29"
"636","3040579","NAIPuNNYA INTERNATIONAL","2016-05-10 12:58:29","2016-05-10 12:58:29"
"637","3040581","Tribotec LUBE CONSULTANCY","2016-05-10 12:58:29","2016-05-10 12:58:29"
"638","3040587","Roopabhangy","2016-05-10 12:58:30","2016-05-10 12:58:30"
"639","3041151","DEVICE","2016-05-10 12:58:30","2016-05-10 12:58:30"
"640","3041364","VARIDISH","2016-05-10 12:58:30","2016-05-10 12:58:30"
"641","3041365","Corpact","2016-05-10 12:58:30","2016-05-10 12:58:30"
"642","3041368","Darever","2016-05-10 12:58:30","2016-05-10 12:58:30"
"643","3042031","Sagar King","2016-05-10 12:58:30","2016-05-10 12:58:30"
"644","3042250","SILVERFIN","2016-05-10 12:58:30","2016-05-10 12:58:30"
"645","3042251","NEW KOCHI GATEWAY","2016-05-10 12:58:30","2016-05-10 12:58:30"
"646","3042819","Kitchen & Dine","2016-05-10 12:58:30","2016-05-10 12:58:30"
"647","3043000","MIDUKKI LADIES WEAR","2016-05-10 12:58:30","2016-05-10 12:58:30"
"648","3043192","PAYOFF","2016-05-10 12:58:30","2016-05-10 12:58:30"
"649","3043198","CHRIS & MORISS CLOTHING CO.","2016-05-10 12:58:30","2016-05-10 12:58:30"
"650","3044155","Smart Write","2016-05-10 12:58:30","2016-05-10 12:58:30"
"651","3044162","Oachira traders","2016-05-10 12:58:30","2016-05-10 12:58:30"
"652","3044164","CLUB DUE","2016-05-10 12:58:30","2016-05-10 12:58:30"
"653","3044166","SMARTTECH SOLUTION","2016-05-10 12:58:30","2016-05-10 12:58:30"
"654","3044169","ROOPANJAM","2016-05-10 12:58:30","2016-05-10 12:58:30"
"655","3044171","FLORA SHOES & BAGS","2016-05-10 12:58:30","2016-05-10 12:58:30"
"656","3044174","Naveena ZEAL TECHNOLOGIES","2016-05-10 12:58:30","2016-05-10 12:58:30"
"657","3044177","1000 LIGHTS ENTERTAINMENTS","2016-05-10 12:58:30","2016-05-10 12:58:30"
"658","3044355","Orleanz","2016-05-10 12:58:30","2016-05-10 12:58:30"
"659","3044450","YENQAY","2016-05-10 12:58:30","2016-05-10 12:58:30"
"660","3044451","LITTLEPLANET","2016-05-10 12:58:31","2016-05-10 12:58:31"
"661","3044453","BIG Adz Prints","2016-05-10 12:58:31","2016-05-10 12:58:31"
"662","3044454","MINTMALL","2016-05-10 12:58:31","2016-05-10 12:58:31"
"663","3044458","SUMIX","2016-05-10 12:58:31","2016-05-10 12:58:31"
"664","3044468","AMIQUZ","2016-05-10 12:58:31","2016-05-10 12:58:31"
"665","3044644","A brand new story","2016-05-10 12:58:31","2016-05-10 12:58:31"
"666","3044673","Saveberry","2016-05-10 12:58:31","2016-05-10 12:58:31"
"667","3044740","Invisor Management Solutions","2016-05-10 12:58:31","2016-05-10 12:58:31"
"668","3045465","The car beauty","2016-05-10 12:58:31","2016-05-10 12:58:31"
"669","3046896","BLOOM space","2016-05-10 12:58:31","2016-05-10 12:58:31"
"670","3047567","MAKSYS (with emblem)","2016-05-10 12:58:31","2016-05-10 12:58:31"
"671","3049017","VMARS","2016-05-10 12:58:31","2016-05-10 12:58:31"
"672","3049649","SURYA ENERGY SOLUTION","2016-05-10 12:58:31","2016-05-10 12:58:31"
"673","3050127","MY KALYAN","2016-05-10 12:58:31","2016-05-10 12:58:31"
"674","3050736","SHEEBA","2016-05-10 12:58:31","2016-05-10 12:58:31"
"675","3051183","smile SUPERMARKET","2016-05-10 12:58:31","2016-05-10 12:58:31"
"676","3051184","smile EXPRESS","2016-05-10 12:58:32","2016-05-10 12:58:32"
"677","3051185","smile HYPERMARKET","2016-05-10 12:58:32","2016-05-10 12:58:32"
"678","3051274","NEETHI LAW HOUSE","2016-05-10 12:58:32","2016-05-10 12:58:32"
"679","3051812","THE LOCAL NETWORK","2016-05-10 12:58:32","2016-05-10 12:58:32"
"680","3051814","SarA GOODWILL COLLECTIONS","2016-05-10 12:58:32","2016-05-10 12:58:32"
"681","3052107","Shadhi Mubarak (WITH DEVICE)","2016-05-10 12:58:32","2016-05-10 12:58:32"
"682","3052141","MUSTASCH","2016-05-10 12:58:32","2016-05-10 12:58:32"
"683","3052255","THANAM","2016-05-10 12:58:32","2016-05-10 12:58:32"
"684","3052507","IBiTA","2016-05-10 12:58:32","2016-05-10 12:58:32"
"685","3052523","riju's","2016-05-10 12:58:32","2016-05-10 12:58:32"
"686","3052524","MIKHAEL FOODS","2016-05-10 12:58:32","2016-05-10 12:58:32"
"687","3052526","Vaiga solar","2016-05-10 12:58:32","2016-05-10 12:58:32"
"688","3052527","Abyes (WITH DEVICE)","2016-05-10 12:58:32","2016-05-10 12:58:32"
"689","3053287","ePOWER Lights","2016-05-10 12:58:32","2016-05-10 12:58:32"
"690","3053288","UNUSCO MOBILE BAZAR Unites People...","2016-05-10 12:58:32","2016-05-10 12:58:32"
"691","3054262","World wide Hydraulic Professionals","2016-05-10 12:58:33","2016-05-10 12:58:33"
"692","3054505","Common Platform for the Hydraulic Peoples","2016-05-10 12:58:33","2016-05-10 12:58:33"
"693","3054507","whyps","2016-05-10 12:58:33","2016-05-10 12:58:33"
"694","3055251","GAINT STEEL","2016-05-10 12:58:33","2016-05-10 12:58:33"
"695","3055254","UNITED STEEL grow together","2016-05-10 12:58:33","2016-05-10 12:58:33"
"696","3055258","df (DEVICE)","2016-05-10 12:58:33","2016-05-10 12:58:33"
"697","3055260","PAZHUPARAMBIL","2016-05-10 12:58:33","2016-05-10 12:58:33"
"698","3055261","NS NATIONAL STEEL","2016-05-10 12:58:33","2016-05-10 12:58:33"
"699","3055362","I FOR SUPERMARKET","2016-05-10 12:58:33","2016-05-10 12:58:33"
"700","3055941","Farasha BOUTIQUE","2016-05-10 12:58:33","2016-05-10 12:58:33"
"701","3056063","DRISHYA HEALTH CARE","2016-05-10 12:58:33","2016-05-10 12:58:33"
"702","3056065","TD THEO DESIGNS","2016-05-10 12:58:33","2016-05-10 12:58:33"
"703","3056066","ADON","2016-05-10 12:58:33","2016-05-10 12:58:33"
"704","3056082","KISSAN KENDRA AGRI SUPER MARKET","2016-05-10 12:58:33","2016-05-10 12:58:33"
"705","3056524","Cazle Footcare","2016-05-10 12:58:33","2016-05-10 12:58:33"
"706","3056613","AUTHENTIC NICOTINE TRADERS","2016-05-10 12:58:33","2016-05-10 12:58:33"
"707","3057700","","2016-05-10 12:58:33","2016-05-10 12:58:33"
"708","3057961","meborn","2016-05-10 12:58:34","2016-05-10 12:58:34"
"709","3058482","SPACE","2016-05-10 12:58:34","2016-05-10 12:58:34"
"710","3058483","LIVINGS","2016-05-10 12:58:34","2016-05-10 12:58:34"
"711","3058651","National Radio Electricals","2016-05-10 12:58:34","2016-05-10 12:58:34"
"712","3058653","LINEN CAMP","2016-05-10 12:58:34","2016-05-10 12:58:34"
"713","3059002","DRISHYA  (DEVICE OF D )","2016-05-10 12:58:34","2016-05-10 12:58:34"
"714","3059006","O NORA MEDI SCIENCE","2016-05-10 12:58:34","2016-05-10 12:58:34"
"715","3059237","VISMAYA MOBILES","2016-05-10 12:58:34","2016-05-10 12:58:34"
"716","3059880","Lock Up","2016-05-10 12:58:34","2016-05-10 12:58:34"
"717","3059883","Femin City","2016-05-10 12:58:34","2016-05-10 12:58:34"
"718","3059888","KALLARAKKAL JEWLLERY 1996","2016-05-10 12:58:34","2016-05-10 12:58:34"
"719","3062031","BONGO","2016-05-10 12:58:34","2016-05-10 12:58:34"
"720","3062034","NEXTECH SOLUTION","2016-05-10 12:58:34","2016-05-10 12:58:34"
"721","3062036","OFFLAND GOLD &amp","2016-05-10 12:58:34","2016-05-10 12:58:34"
"722","3063416","Agri-Business Show","2016-05-10 12:58:34","2016-05-10 12:58:34"
"723","3063421","Rice &amp","2016-05-10 12:58:34","2016-05-10 12:58:34"
"724","3063423","Mango Smart Phones","2016-05-10 12:58:35","2016-05-10 12:58:35"
"725","3063426","HG Hastimal Gheewala","2016-05-10 12:58:35","2016-05-10 12:58:35"
"726","3063428","healthcare NAUKRI","2016-05-10 12:58:35","2016-05-10 12:58:35"
"727","3063429","BHAGYA","2016-05-10 12:58:35","2016-05-10 12:58:35"
"728","3063447","WHITE HOUSE (with emblem)","2016-05-10 12:58:35","2016-05-10 12:58:35"
"729","3063451","ASAAD MARGIN FREE SUPERMARKET","2016-05-10 12:58:35","2016-05-10 12:58:35"
"730","3063573","ZPHARMA","2016-05-10 12:58:35","2016-05-10 12:58:35"
"731","3063632","","2016-05-10 12:58:35","2016-05-10 12:58:35"
"732","3063672","WELLSTRUCT","2016-05-10 12:58:35","2016-05-10 12:58:35"
"733","3063676","OUDH AL RAYHAN","2016-05-10 12:58:35","2016-05-10 12:58:35"
"734","3063681","ORYX","2016-05-10 12:58:35","2016-05-10 12:58:35"
"735","3063682","POWERHOUSE","2016-05-10 12:58:35","2016-05-10 12:58:35"
"736","3064406","Mango Smart Phones","2016-05-10 12:58:35","2016-05-10 12:58:35"
"737","3064996","MEdburg Medical Products","2016-05-10 12:58:35","2016-05-10 12:58:35"
"738","3064997","aSaiES","2016-05-10 12:58:35","2016-05-10 12:58:35"
"739","3064999","eyemax LENS and FRAMES","2016-05-10 12:58:35","2016-05-10 12:58:35"
"740","3065719","KMK GROUP-EXPERIENCE THE BEST","2016-05-10 12:58:35","2016-05-10 12:58:35"
"741","3066388","UF CLUB UFC","2016-05-10 12:58:35","2016-05-10 12:58:35"
"742","3066391","UFX FASHION CLUB UFC","2016-05-10 12:58:35","2016-05-10 12:58:35"
"743","3066393","F4B","2016-05-10 12:58:35","2016-05-10 12:58:35"
"744","3066395","WATZ UP  DEVICE OF WU","2016-05-10 12:58:36","2016-05-10 12:58:36"
"745","3066396","EnVY VINTAGE CLOTHING","2016-05-10 12:58:36","2016-05-10 12:58:36"
"746","3066401","Heavenly  COLLECTIONZ","2016-05-10 12:58:36","2016-05-10 12:58:36"
"747","3066675","BODHINI","2016-05-10 12:58:36","2016-05-10 12:58:36"
"748","3067368","BURGERLAB","2016-05-10 12:58:36","2016-05-10 12:58:36"
"749","3067371","AK47","2016-05-10 12:58:36","2016-05-10 12:58:36"
"750","3067372","GRANDBAKERS","2016-05-10 12:58:36","2016-05-10 12:58:36"
"751","3067410","JonVar","2016-05-10 12:58:36","2016-05-10 12:58:36"
"752","3067411","NAVYA Bake Shop The Tempting Taste","2016-05-10 12:58:36","2016-05-10 12:58:36"
"753","3067796","DEEPA WITH DEVICE","2016-05-10 12:58:36","2016-05-10 12:58:36"
"754","3067797","ITOT","2016-05-10 12:58:36","2016-05-10 12:58:36"
"755","3067810","NADHABRAHMA","2016-05-10 12:58:36","2016-05-10 12:58:36"
"756","3068487","SHEETAL","2016-05-10 12:58:36","2016-05-10 12:58:36"
"757","3068488","BINU SHEETAL REFRIGERATION","2016-05-10 12:58:36","2016-05-10 12:58:36"
"758","3068616","genese","2016-05-10 12:58:36","2016-05-10 12:58:36"
"759","3068759","PONNARA  DEVICE OF P","2016-05-10 12:58:36","2016-05-10 12:58:36"
"760","3068762","capsule","2016-05-10 12:58:36","2016-05-10 12:58:36"
"761","3068905","DC EXPLORE","2016-05-10 12:58:36","2016-05-10 12:58:36"
"762","3068906","DC REWARDS","2016-05-10 12:58:36","2016-05-10 12:58:36"
"763","3069045","KTT Ventures","2016-05-10 12:58:36","2016-05-10 12:58:36"
"764","3069312","CTC GLOBAL","2016-05-10 12:58:36","2016-05-10 12:58:36"
"765","3070150","Salman'z","2016-05-10 12:58:36","2016-05-10 12:58:36"
"766","3070153","VEL COURT SUPER BAZAR","2016-05-10 12:58:37","2016-05-10 12:58:37"
"767","3070157","CEEKO","2016-05-10 12:58:37","2016-05-10 12:58:37"
"768","3070161","Q MALL","2016-05-10 12:58:37","2016-05-10 12:58:37"
"769","3070163","ReehA","2016-05-10 12:58:37","2016-05-10 12:58:37"
"770","3070185","PATTANAM RASHEED","2016-05-10 12:58:37","2016-05-10 12:58:37"
"771","3070427","AMPM INNOVATIONS","2016-05-10 12:58:37","2016-05-10 12:58:37"
"772","3071023","MAKE IT SPECIAL","2016-05-10 12:58:37","2016-05-10 12:58:37"
"773","3071233","MILAN GOLD & DIAMONDS","2016-05-10 12:58:37","2016-05-10 12:58:37"
"774","3071334","B R R","2016-05-10 12:58:37","2016-05-10 12:58:37"
"775","3073774","FISH MAID","2016-05-10 12:58:37","2016-05-10 12:58:37"
"776","3074505","MATHRUBHUMI","2016-05-10 12:58:37","2016-05-10 12:58:37"
"777","3074515","MATHRUBHUMI","2016-05-10 12:58:37","2016-05-10 12:58:37"
"778","3074662","NIMAH","2016-05-10 12:58:37","2016-05-10 12:58:37"
"779","3074902","Bakers Boutique","2016-05-10 12:58:37","2016-05-10 12:58:37"
"780","3076019","euro door & hardwares","2016-05-10 12:58:37","2016-05-10 12:58:37"
"781","3076304","papaya","2016-05-10 12:58:37","2016-05-10 12:58:37"
"782","3076306","RESHMI HAPPY HOME","2016-05-10 12:58:37","2016-05-10 12:58:37"
"783","3076311","GreenX refrigeration","2016-05-10 12:58:37","2016-05-10 12:58:37"
"784","3076314","grama BAZAR","2016-05-10 12:58:37","2016-05-10 12:58:37"
"785","3076333","L I S O","2016-05-10 12:58:37","2016-05-10 12:58:37"
"786","3076427","&quot","2016-05-10 12:58:38","2016-05-10 12:58:38"
"787","3076428","CONCEPT","2016-05-10 12:58:38","2016-05-10 12:58:38"
"788","3076563","GRAND MART","2016-05-10 12:58:38","2016-05-10 12:58:38"
"789","3076573","EMERALD TRADE","2016-05-10 12:58:38","2016-05-10 12:58:38"
"790","3077014","LIBRA LIVE BETTER (WITH DEVICE)","2016-05-10 12:58:38","2016-05-10 12:58:38"
"791","3077017","B MART MB","2016-05-10 12:58:38","2016-05-10 12:58:38"
"792","3077670","SPV Designs","2016-05-10 12:58:38","2016-05-10 12:58:38"
"793","3077849","AISHA WEDDING CENTRE","2016-05-10 12:58:38","2016-05-10 12:58:38"
"794","3078124","S Spectrum EVENT MANAGEMENT","2016-05-10 12:58:38","2016-05-10 12:58:38"
"795","3079520","WEEKEND CREATIONS WC","2016-05-10 12:58:38","2016-05-10 12:58:38"
"796","3079688","DEVICE","2016-05-10 12:58:38","2016-05-10 12:58:38"
"797","3080244","ELEPHANT","2016-05-10 12:58:38","2016-05-10 12:58:38"
"798","3080362","e-Life Global","2016-05-10 12:58:38","2016-05-10 12:58:38"
"799","3080746","AARGO","2016-05-10 12:58:38","2016-05-10 12:58:38"
"800","3081386","Chakolas","2016-05-10 12:58:38","2016-05-10 12:58:38"
"801","3081510","Joyz (WITH DEVICE)","2016-05-10 12:58:38","2016-05-10 12:58:38"
"802","3081513","BREEZE GOLD (BG)","2016-05-10 12:58:39","2016-05-10 12:58:39"
"803","3081515","SANTX Reflecting Leisure","2016-05-10 12:58:39","2016-05-10 12:58:39"
"804","3081885","SabRang ethnic boutique","2016-05-10 12:58:39","2016-05-10 12:58:39"
"805","3082141","KIMS","2016-05-10 12:58:39","2016-05-10 12:58:39"
"806","3082143","MARVAGLASS HOUSE","2016-05-10 12:58:39","2016-05-10 12:58:39"
"807","3082144","KIMS","2016-05-10 12:58:39","2016-05-10 12:58:39"
"808","3082235","COLINS BELLWETHER","2016-05-10 12:58:39","2016-05-10 12:58:39"
"809","3082240","M Motor 77","2016-05-10 12:58:39","2016-05-10 12:58:39"
"810","3082243","ufx","2016-05-10 12:58:39","2016-05-10 12:58:39"
"811","3082245","S.S.Distributors","2016-05-10 12:58:39","2016-05-10 12:58:39"
"812","3082249","CYTOGENIX","2016-05-10 12:58:39","2016-05-10 12:58:39"
"813","3083892","dubai opticians (DEVICE OF D )","2016-05-10 12:58:39","2016-05-10 12:58:39"
"814","3083955","EZVA","2016-05-10 12:58:39","2016-05-10 12:58:39"
"815","3083956","EZVA","2016-05-10 12:58:39","2016-05-10 12:58:39"
"816","3084083","MASTIFF","2016-05-10 12:58:39","2016-05-10 12:58:39"
"817","3084660","MKJ DESIGNS","2016-05-10 12:58:39","2016-05-10 12:58:39"
"818","3084881","Nashaya  Its a Fashion Fairy Tale","2016-05-10 12:58:39","2016-05-10 12:58:39"
"819","3084926","AMMUCARE (with device)","2016-05-10 12:58:40","2016-05-10 12:58:40"
"820","3084989","Mohanji Foundation (with device)","2016-05-10 12:58:40","2016-05-10 12:58:40"
"821","3085441","Shop n Smile","2016-05-10 12:58:40","2016-05-10 12:58:40"
"822","3085692","Super Net Web World","2016-05-10 12:58:40","2016-05-10 12:58:40"
"823","3085822","POSH CLUB PC","2016-05-10 12:58:40","2016-05-10 12:58:40"
"824","3085828","Mactron","2016-05-10 12:58:40","2016-05-10 12:58:40"
"825","3085831","Skylite","2016-05-10 12:58:40","2016-05-10 12:58:40"
"826","3085835","BHARATH 999 (DEVICE OF INDIA)","2016-05-10 12:58:40","2016-05-10 12:58:40"
"827","3086658","picci","2016-05-10 12:58:40","2016-05-10 12:58:40"
"828","3086665","DALiya OPTICIAN'S KannadaKada.Inn","2016-05-10 12:58:40","2016-05-10 12:58:40"
"829","3087728","JILLA VARTHAKAL","2016-05-10 12:58:40","2016-05-10 12:58:40"
"830","3087903","CAPSTOCKS","2016-05-10 12:58:40","2016-05-10 12:58:40"
"831","3088032","green Dolphin","2016-05-10 12:58:40","2016-05-10 12:58:40"
"832","3088573","jaazo","2016-05-10 12:58:40","2016-05-10 12:58:40"
"833","3088811","burgeria","2016-05-10 12:58:40","2016-05-10 12:58:40"
"834","3089051","decisiontheory","2016-05-10 12:58:40","2016-05-10 12:58:40"
"835","3089516","THE MALABAR TILE WORKS","2016-05-10 12:58:40","2016-05-10 12:58:40"
"836","3089549","TANVIYA.COM","2016-05-10 12:58:40","2016-05-10 12:58:40"
"837","3090476","Point Booth Ads Powered By Rewards","2016-05-10 12:58:40","2016-05-10 12:58:40"
"838","3091119","fk fudkart","2016-05-10 12:58:40","2016-05-10 12:58:40"
"839","3091122","LIFETRONICS","2016-05-10 12:58:40","2016-05-10 12:58:40"
"840","3091123","HYDRAUMATIC (WITH DEVICE)","2016-05-10 12:58:41","2016-05-10 12:58:41"
"841","3091124","VANITHA FASHION JEWELLERY (WITH DEVICE)","2016-05-10 12:58:41","2016-05-10 12:58:41"
"842","3091125","WomeHut  W","2016-05-10 12:58:41","2016-05-10 12:58:41"
"843","3091332","Altinare (with device)","2016-05-10 12:58:41","2016-05-10 12:58:41"
"844","3092008","manthra COLLECTIONS","2016-05-10 12:58:41","2016-05-10 12:58:41"
"845","3093117","GRAND AFI SPORTS","2016-05-10 12:58:41","2016-05-10 12:58:41"
"846","3093118","AFI AFI SPORTS","2016-05-10 12:58:41","2016-05-10 12:58:41"
"847","3093880","True Tek","2016-05-10 12:58:41","2016-05-10 12:58:41"
"848","3094083","Introducing the NEW","2016-05-10 12:58:41","2016-05-10 12:58:41"
"849","3094703","LOGO","2016-05-10 12:58:41","2016-05-10 12:58:41"
"850","3094782","MyBookBank","2016-05-10 12:58:41","2016-05-10 12:58:41"
"851","3096510","TaxClinic AccountsClinic","2016-05-10 12:58:41","2016-05-10 12:58:41"
"852","3096530","nellari","2016-05-10 12:58:41","2016-05-10 12:58:41"
"853","3096552","Monde'","2016-05-10 12:58:41","2016-05-10 12:58:41"
"854","3096554","UNIQUE Link a unit of unique project","2016-05-10 12:58:41","2016-05-10 12:58:41"
"855","3096560","Bonaty International","2016-05-10 12:58:41","2016-05-10 12:58:41"
"856","3096635","M-ROYAL","2016-05-10 12:58:41","2016-05-10 12:58:41"
"857","3096663","Fbug","2016-05-10 12:58:41","2016-05-10 12:58:41"
"858","3097226","HOLY CITY   CHRISTIAN ARTICLES","2016-05-10 12:58:41","2016-05-10 12:58:41"
"859","3097474","KPRH KANNAN PAINT &amp","2016-05-10 12:58:41","2016-05-10 12:58:41"
"860","3097481","B&amp","2016-05-10 12:58:41","2016-05-10 12:58:41"
"861","3098255","CrowdStudio","2016-05-10 12:58:41","2016-05-10 12:58:41"
"862","3098256","WE ONE TRADERS (DEVICE)","2016-05-10 12:58:42","2016-05-10 12:58:42"
"863","3098258","Nature Trees","2016-05-10 12:58:42","2016-05-10 12:58:42"
"864","3098508","GRAND","2016-05-10 12:58:42","2016-05-10 12:58:42"
"865","3098549","EGET group","2016-05-10 12:58:42","2016-05-10 12:58:42"
"866","3098892","CETUS PROFESSIONAL","2016-05-10 12:58:42","2016-05-10 12:58:42"
"867","3099197","AARSHAVEDA","2016-05-10 12:58:42","2016-05-10 12:58:42"
"868","3099198","Shreyas","2016-05-10 12:58:42","2016-05-10 12:58:42"
"869","3099206","alpine INTERNATIONAL","2016-05-10 12:58:42","2016-05-10 12:58:42"
"870","3099238","CHRISTEEN","2016-05-10 12:58:42","2016-05-10 12:58:42"
"871","3099240","ESI OUALITY INNOVATE SUCCESS","2016-05-10 12:58:42","2016-05-10 12:58:42"
"872","3100075","SHUKOORINTE ALIYANTE KADA","2016-05-10 12:58:42","2016-05-10 12:58:42"
"873","3100079","kitchenette &amp","2016-05-10 12:58:42","2016-05-10 12:58:42"
"874","3100650","nature SUPERMARKET","2016-05-10 12:58:43","2016-05-10 12:58:43"
"875","3100651","krishna","2016-05-10 12:58:43","2016-05-10 12:58:43"
"876","3100655","Aviz clothings (WITH DEVICE)","2016-05-10 12:58:43","2016-05-10 12:58:43"
"877","3100720","Bikes4Sale","2016-05-10 12:58:43","2016-05-10 12:58:43"
"878","3100783","Zstone","2016-05-10 12:58:43","2016-05-10 12:58:43"
"879","3101166","PITCO","2016-05-10 12:58:43","2016-05-10 12:58:43"
"880","3101402","LAMONAS","2016-05-10 12:58:43","2016-05-10 12:58:43"
"881","3101405","PALMERA","2016-05-10 12:58:43","2016-05-10 12:58:43"
"882","3101406","GRANDUBAI","2016-05-10 12:58:43","2016-05-10 12:58:43"
"883","3101409","JOONIORO","2016-05-10 12:58:43","2016-05-10 12:58:43"
"884","3101411","ASSAF","2016-05-10 12:58:43","2016-05-10 12:58:43"
"885","3101599","Sb's BLACK BOUTIQUE","2016-05-10 12:58:43","2016-05-10 12:58:43"
"886","3101601","FERO (WITH DEVICE)","2016-05-10 12:58:43","2016-05-10 12:58:43"
"887","3101610","JC GROUP","2016-05-10 12:58:43","2016-05-10 12:58:43"
"888","3101620","JACY","2016-05-10 12:58:44","2016-05-10 12:58:44"
"889","3101691","SOUTHERN COIR MILLS since 1988","2016-05-10 12:58:44","2016-05-10 12:58:44"
"890","3102210","FIT FOR JOB (WITH DEVICE)","2016-05-10 12:58:44","2016-05-10 12:58:44"
"891","3102481","UNIWIDE HYPER MARKET","2016-05-10 12:58:44","2016-05-10 12:58:44"
"892","3102780","G STORE THE GADGET STORE","2016-05-10 12:58:44","2016-05-10 12:58:44"
"893","3102919","BABYZONE","2016-05-10 12:58:44","2016-05-10 12:58:44"
"894","3102921","CALIKOOTH","2016-05-10 12:58:44","2016-05-10 12:58:44"
"895","3102922","DAYLIFE SUPERMARKET","2016-05-10 12:58:44","2016-05-10 12:58:44"
"896","3102926","ALMAS","2016-05-10 12:58:44","2016-05-10 12:58:44"
"897","3102927","ALMAS","2016-05-10 12:58:44","2016-05-10 12:58:44"
"898","3102928","PR PARDHAS &amp","2016-05-10 12:58:44","2016-05-10 12:58:44"
"899","3103236","Optimus","2016-05-10 12:58:44","2016-05-10 12:58:44"
"900","3104597","ROLESTEEL","2016-05-10 12:58:44","2016-05-10 12:58:44"
"901","3105070","Amour Designs","2016-05-10 12:58:44","2016-05-10 12:58:44"
"902","3105361","BLACK PALMS","2016-05-10 12:58:44","2016-05-10 12:58:44"
"903","3105652","BIG mart SUPER MARKET","2016-05-10 12:58:44","2016-05-10 12:58:44"
"904","3105653","CITY MOBILE","2016-05-10 12:58:44","2016-05-10 12:58:44"
"905","3107614","FABFILLA","2016-05-10 12:58:45","2016-05-10 12:58:45"
"906","3108233","AMRIT","2016-05-10 12:58:45","2016-05-10 12:58:45"
"907","3108234","AMRIT","2016-05-10 12:58:45","2016-05-10 12:58:45"
"908","3108235","Amrit Affordable Medicines & Reliable for Treatment","2016-05-10 12:58:45","2016-05-10 12:58:45"
"909","3108248","HAYA HYPERMARKET","2016-05-10 12:58:45","2016-05-10 12:58:45"
"910","3108320","Aasha Biochem","2016-05-10 12:58:45","2016-05-10 12:58:45"
"911","3108440","nayonika","2016-05-10 12:58:45","2016-05-10 12:58:45"
"912","3109694","LAVANYA","2016-05-10 12:58:45","2016-05-10 12:58:45"
"913","3110357","KAMALA DENTAL SPECIALITY HOSPITAL WITH DEVICE","2016-05-10 12:58:45","2016-05-10 12:58:45"
"914","3111561","WOW! HOMEMADE","2016-05-10 12:58:45","2016-05-10 12:58:45"
"915","3112370","WRAPMI","2016-05-10 12:58:45","2016-05-10 12:58:45"
"916","3114051","NUBRA","2016-05-10 12:58:45","2016-05-10 12:58:45"
"917","3114104","CINEMAKKAARAN.COM","2016-05-10 12:58:45","2016-05-10 12:58:45"
"918","3114136","NOVICZ","2016-05-10 12:58:45","2016-05-10 12:58:45"
"919","3114281","ADIPOLI","2016-05-10 12:58:45","2016-05-10 12:58:45"
"920","3114283","IVOLV","2016-05-10 12:58:46","2016-05-10 12:58:46"
"921","3114322","New Harisree","2016-05-10 12:58:46","2016-05-10 12:58:46"
"922","3115292","RAOULIA DAIRY &amp","2016-05-10 12:58:46","2016-05-10 12:58:46"
"923","3117468","KERALA WEDDING TRENDS","2016-05-10 12:58:46","2016-05-10 12:58:46"
"924","3121081","MANAS MEDIA","2016-05-10 12:58:46","2016-05-10 12:58:46"
"925","3123995","CG CONCORD EVENTS","2016-05-10 12:58:46","2016-05-10 12:58:46"
"926","3123996","CG CONCORD INTERNATIONAL CONVENTION &amp","2016-05-10 12:58:46","2016-05-10 12:58:46"
"927","3126022","Virtuebuz","2016-05-10 12:58:46","2016-05-10 12:58:46"
"928","3126325","V COOL","2016-05-10 12:58:46","2016-05-10 12:58:46"
"929","3126335","WHITFIELD","2016-05-10 12:58:46","2016-05-10 12:58:46"
"930","3133014","Ojeen India","2016-05-10 12:58:46","2016-05-10 12:58:46"
"931","3133019","WELLDEKORE","2016-05-10 12:58:46","2016-05-10 12:58:46"
"932","3135038","MARK GROUP","2016-05-10 12:58:46","2016-05-10 12:58:46"
"933","3135039","DIYA GOLD PALACE","2016-05-10 12:58:46","2016-05-10 12:58:46"
"934","3135055","ALFA OPTICALS","2016-05-10 12:58:46","2016-05-10 12:58:46"
"935","3135205","the dressing room","2016-05-10 12:58:46","2016-05-10 12:58:46"
"936","3135206","CLEANPOINT","2016-05-10 12:58:46","2016-05-10 12:58:46"
"937","3135209","TVK","2016-05-10 12:58:46","2016-05-10 12:58:46"
"938","3135210","THAVAKKAL","2016-05-10 12:58:46","2016-05-10 12:58:46"
"939","3135214","PEEVEES","2016-05-10 12:58:46","2016-05-10 12:58:46"
"940","3135276","","2016-05-10 12:58:46","2016-05-10 12:58:46"
"941","3135280","","2016-05-10 12:58:47","2016-05-10 12:58:47"
"942","3135283","","2016-05-10 12:58:47","2016-05-10 12:58:47"
"943","3135783","FCOM","2016-05-10 12:58:47","2016-05-10 12:58:47"
"944","3135788","LEEDS","2016-05-10 12:58:47","2016-05-10 12:58:47"
"945","3135848","","2016-05-10 12:58:47","2016-05-10 12:58:47"
"946","3135984","GUNDUSPA","2016-05-10 12:58:47","2016-05-10 12:58:47"
"947","3135985","FOA Knowledge-Processing-Wisdom","2016-05-10 12:58:47","2016-05-10 12:58:47"
"948","3135989","AVANT","2016-05-10 12:58:47","2016-05-10 12:58:47"
"949","3136232","K B","2016-05-10 12:58:47","2016-05-10 12:58:47"
"950","3136272","AR ARROWS","2016-05-10 12:58:47","2016-05-10 12:58:47"
"951","3136276","GrandMark A gentle touch.A grandmark.","2016-05-10 12:58:47","2016-05-10 12:58:47"
"952","3136281","JJ Marbles & Granites","2016-05-10 12:58:47","2016-05-10 12:58:47"
"953","3136290","Ammas Oven","2016-05-10 12:58:47","2016-05-10 12:58:47"
"954","3136294","Z JEANS Dressing the Man","2016-05-10 12:58:47","2016-05-10 12:58:47"
"955","3136459","cherukunnel Nursery","2016-05-10 12:58:47","2016-05-10 12:58:47"
"956","3136473","All good Things","2016-05-10 12:58:47","2016-05-10 12:58:47"
"957","3136508","Basic Cotton Souk","2016-05-10 12:58:47","2016-05-10 12:58:47"
"958","3136594","ad.india advertising","2016-05-10 12:58:47","2016-05-10 12:58:47"
"959","3136597","Vastraanjali","2016-05-10 12:58:47","2016-05-10 12:58:47"
"960","3136598","Brand for Less","2016-05-10 12:58:47","2016-05-10 12:58:47"
"961","3136600","GRANDEUR","2016-05-10 12:58:47","2016-05-10 12:58:47"
"962","3136604","Complete Auto Lifestyle store","2016-05-10 12:58:48","2016-05-10 12:58:48"
"963","3136610","Stone Vantage","2016-05-10 12:58:48","2016-05-10 12:58:48"
"964","3136612","Ann FOOD COURT","2016-05-10 12:58:48","2016-05-10 12:58:48"
"965","3136634","Bread n Butter","2016-05-10 12:58:48","2016-05-10 12:58:48"
"966","3136640","Collections Retail","2016-05-10 12:58:48","2016-05-10 12:58:48"
"967","3136716","NASCO","2016-05-10 12:58:48","2016-05-10 12:58:48"
"968","3136722","Rettina Media Support","2016-05-10 12:58:48","2016-05-10 12:58:48"
"969","3136806","A ARETE HEALTHCARE","2016-05-10 12:58:48","2016-05-10 12:58:48"
"970","3136810","ORIEnTALMETALS India Pvt.Ltd","2016-05-10 12:58:48","2016-05-10 12:58:48"
"971","3136812","NYLE WOMENS&CHILDREN'S SUPER SPECIALITY HOSPITAL","2016-05-10 12:58:48","2016-05-10 12:58:48"
"972","3136820","ABHILASH Bed & Furniture Mall","2016-05-10 12:58:48","2016-05-10 12:58:48"
"973","3136950","TASS & HAMJITH","2016-05-10 12:58:48","2016-05-10 12:58:48"
"974","3137186","PopKon REATIVES","2016-05-10 12:58:48","2016-05-10 12:58:48"
"975","3137188","BODY FITNESS SOLUTIONS","2016-05-10 12:58:48","2016-05-10 12:58:48"
"976","3137191","Fisa","2016-05-10 12:58:48","2016-05-10 12:58:48"
"977","3137195","TMS Techno Max Solutions","2016-05-10 12:58:48","2016-05-10 12:58:48"
"978","3137198","FONEZ","2016-05-10 12:58:49","2016-05-10 12:58:49"
"979","3137227","DYD Design Your Dreams BOUTIQUE","2016-05-10 12:58:49","2016-05-10 12:58:49"
"980","3137228","Dazzles COLLECTIONS","2016-05-10 12:58:49","2016-05-10 12:58:49"
"981","3137285","TWH Taste Well Healthy Food Products","2016-05-10 12:58:49","2016-05-10 12:58:49"
"982","3137292","SINCE 1984 KERALA ELECTRICALS (DEVICE OF KE)","2016-05-10 12:58:49","2016-05-10 12:58:49"
"983","3137643","Loomsberry","2016-05-10 12:58:49","2016-05-10 12:58:49"
"984","3137668","PACHAA","2016-05-10 12:58:49","2016-05-10 12:58:49"
"985","3138451","MAGIC COLOURS MOVIE MAKERS","2016-05-10 12:58:49","2016-05-10 12:58:49"
"986","3138567","Bezt Search - World Changes to Bezt","2016-05-10 12:58:49","2016-05-10 12:58:49"
"987","3138841","CHILANKA JEWELLERS","2016-05-10 12:58:49","2016-05-10 12:58:49"
"988","3138998","MOZAIK","2016-05-10 12:58:49","2016-05-10 12:58:49"
"989","3139011","Entekrishi","2016-05-10 12:58:49","2016-05-10 12:58:49"
"990","3139134","I FIX TECHNOLOGIES","2016-05-10 12:58:49","2016-05-10 12:58:49"
"991","3139943","EVENZA","2016-05-10 12:58:49","2016-05-10 12:58:49"
"992","3139984","dailySouq","2016-05-10 12:58:49","2016-05-10 12:58:49"
"993","3140269","WinsIndia Forging the Future","2016-05-10 12:58:49","2016-05-10 12:58:49"
"994","3140277","YOKSHIRE","2016-05-10 12:58:49","2016-05-10 12:58:49"
"995","3140439","FarmLe","2016-05-10 12:58:50","2016-05-10 12:58:50"
"996","3140441","ZARAZ","2016-05-10 12:58:50","2016-05-10 12:58:50"
"997","3140444","CEXON","2016-05-10 12:58:50","2016-05-10 12:58:50"
"998","3140445","HANBAAZ (WITH DEVICE)","2016-05-10 12:58:50","2016-05-10 12:58:50"
"999","3140451","ayur leaf","2016-05-10 12:58:50","2016-05-10 12:58:50"
"1000","3140452","Seven Nine 7 9","2016-05-10 12:58:50","2016-05-10 12:58:50"
"1001","3141462","BASE","2016-05-10 12:58:50","2016-05-10 12:58:50"
"1002","3142047","Finpal","2016-05-10 12:58:50","2016-05-10 12:58:50"
"1003","3142050","SnCO INTERNAL CONTROL ACCOUNTING AND TAX CONSULTANT","2016-05-10 12:58:50","2016-05-10 12:58:50"
"1004","3142998","JOGGER","2016-05-10 12:58:50","2016-05-10 12:58:50"
"1005","3143337","K.C.PAPPU SONS","2016-05-10 12:58:50","2016-05-10 12:58:50"
"1006","3143678","SHARP AND SCORE","2016-05-10 12:58:50","2016-05-10 12:58:50"
"1007","3143908","ATL Avenue Trade Links","2016-05-10 12:58:50","2016-05-10 12:58:50"
"1008","3144254","iTRUTH solutions","2016-05-10 12:58:50","2016-05-10 12:58:50"
"1009","3144497","AMICUS","2016-05-10 12:58:50","2016-05-10 12:58:50"
"1010","3144742","WHYLETZ   BRAND THE CHANGE","2016-05-10 12:58:50","2016-05-10 12:58:50"
"1011","3145329","JAIN STRUCTURALS","2016-05-10 12:58:50","2016-05-10 12:58:50"
"1012","3147951","CHOUTA","2016-05-10 12:58:50","2016-05-10 12:58:50"
